trade_id,strategy,date,side,sell_strike,entry_time,exit_time,entry_g,exit_g,sell_entry,sell_exit,reason,sell_pts,hedge_entry,hedge_exit,hedge_pts,hedge_note
1,Strategy B,2024-12-27,CE,24000,09:39,09:41,2649,2651,98.55,108.9,SL,-10.35,2.1,2.04,-0.06,
2,Strategy B,2024-12-27,CE,24000,11:03,15:29,2733,2999,117.6,83.7,EOD,33.9,1.8,1.35,-0.45,
3,Strategy B,2024-12-27,PE,23700,09:43,15:29,2653,2999,94.05,72.59,EOD,21.46,4.15,3.7,-0.45,
4,Strategy B,2024-12-30,CE,23850,09:25,10:16,3010,3061,94.6,105.15,SL,-10.55,1.4,1.35,-0.05,
5,Strategy B,2024-12-30,CE,23850,13:23,15:29,3248,3374,117.35,69.34,EOD,48.01,1.25,1.25,0.0,
6,Strategy B,2024-12-30,PE,23750,09:55,09:58,3040,3043,104.4,114.4,SL,-10.0,2.5,2.5,0.0,
7,Strategy B,2024-12-30,PE,23750,10:13,12:28,3058,3193,100.95,100.95,SL,0.0,2.4,2.6,0.2,
8,Strategy B,2024-12-31,CE,23600,09:49,09:59,3409,3419,97.8,109.3,SL,-11.5,1.55,1.6,0.05,
9,Strategy B,2024-12-31,CE,23600,10:07,10:19,3427,3439,94.1,107.8,SL,-13.7,1.7,1.65,-0.05,
10,Strategy B,2024-12-31,PE,23550,09:37,09:42,3397,3402,107.35,121.1,SL,-13.75,2.45,2.65,0.2,
11,Strategy B,2024-12-31,PE,23550,10:27,10:29,3447,3449,118.05,130.3,SL,-12.25,3.05,3.25,0.2,
12,Strategy B,2024-12-31,PE,23550,11:07,12:06,3487,3546,110.95,120.95,SL,-10.0,3.25,3.75,0.5,
13,Strategy B,2025-01-01,CE,23650,09:33,10:11,3768,3806,104.5,119.5,SL,-15.0,1.35,1.25,-0.1,
14,Strategy B,2025-01-01,PE,23600,10:23,15:29,3818,4124,93.6,50.05,EOD,43.55,2.1,1.8,-0.3,
15,Strategy B,2025-01-02,PE,23800,09:39,15:29,4149,4499,91.75,0.1,EOD,91.65,1.25,0.05,-1.2,
16,Strategy B,2025-01-03,CE,24300,09:29,15:29,4514,4874,106.45,47.5,EOD,58.95,2.15,1.1,-1.05,
17,Strategy B,2025-01-03,PE,24000,11:21,12:21,4626,4686,127.0,127.0,SL,0.0,3.55,3.0,-0.55,
18,Strategy B,2025-01-03,PE,24000,12:35,12:37,4700,4702,126.95,136.95,SL,-10.0,3.2,3.35,0.15,
19,Strategy B,2025-01-03,PE,24000,12:43,13:57,4708,4782,121.0,133.15,SL,-12.15,3.1,3.25,0.15,
20,Strategy B,2025-01-06,CE,24100,09:35,10:01,4895,4921,99.95,114.95,SL,-15.0,1.75,1.65,-0.1,
21,Strategy B,2025-01-06,CE,24100,10:29,15:29,4949,5249,98.0,40.79,EOD,57.21,1.45,2.1,0.65,
22,Strategy B,2025-01-06,PE,23950,10:09,10:24,4929,4944,129.44,144.44,SL,-15.0,2.6,3.2,0.6,
23,Strategy B,2025-01-07,CE,23850,09:51,10:15,5286,5310,86.3,101.3,SL,-15.0,1.8,1.7,-0.1,
24,Strategy B,2025-01-07,CE,23850,10:39,10:47,5334,5342,86.4,96.4,SL,-10.0,1.7,1.7,0.0,
25,Strategy B,2025-01-07,CE,23850,10:53,11:34,5348,5389,82.2,97.2,SL,-15.0,1.6,1.7,0.1,
26,Strategy B,2025-01-07,PE,23600,09:35,09:45,5270,5280,87.05,98.25,SL,-11.2,3.5,4.34,0.84,
27,Strategy B,2025-01-07,PE,23600,10:23,10:54,5318,5349,90.45,100.45,SL,-10.0,3.6,4.0,0.4,
28,Strategy B,2025-01-07,PE,23600,10:59,15:29,5354,5624,92.75,77.65,EOD,15.1,3.6,1.85,-1.75,
29,Strategy B,2025-01-08,CE,23700,09:21,09:55,5631,5665,85.5,85.5,SL,0.0,1.1,1.25,0.15,
30,Strategy B,2025-01-08,CE,23700,10:11,10:16,5681,5686,61.05,71.65,SL,-10.6,1.2,1.2,0.0,
31,Strategy B,2025-01-08,CE,23700,10:27,13:45,5697,5895,44.4,54.4,SL,-10.0,1.25,0.9,-0.35,
32,Strategy B,2025-01-08,PE,23700,10:03,10:09,5673,5679,97.75,107.75,SL,-10.0,2.0,2.0,0.0,
33,Strategy B,2025-01-08,PE,23700,10:15,10:20,5685,5690,100.75,115.15,SL,-14.4,1.9,1.95,0.05,
34,Strategy B,2025-01-08,PE,23700,13:53,14:32,5903,5942,99.85,99.85,SL,0.0,1.4,1.4,0.0,
35,Strategy B,2025-01-09,CE,23650,09:21,15:29,6006,6374,33.0,0.1,EOD,32.9,0.85,0.05,-0.8,
36,Strategy B,2025-01-09,PE,23650,10:01,10:01,6046,6046,61.7,71.7,SL,-10.0,0.85,0.85,0.0,
37,Strategy B,2025-01-09,PE,23650,10:17,10:23,6062,6068,47.55,57.7,SL,-10.15,0.75,0.75,0.0,
38,Strategy B,2025-01-09,PE,23650,10:35,10:44,6080,6089,54.95,64.95,SL,-10.0,0.75,0.7,-0.05,
39,Strategy B,2025-01-10,CE,23700,09:33,11:04,6393,6484,103.6,103.6,SL,0.0,1.95,1.8,-0.15,
40,Strategy B,2025-01-10,CE,23700,12:11,12:13,6551,6553,84.55,99.55,SL,-15.0,1.8,1.85,0.05,
41,Strategy B,2025-01-10,CE,23700,12:35,12:42,6575,6582,90.5,100.5,SL,-10.0,1.8,1.9,0.1,
42,Strategy B,2025-01-10,PE,23450,10:53,14:11,6473,6671,159.65,159.65,SL,0.0,8.69,8.0,-0.69,
43,Strategy B,2025-01-13,CE,23350,09:49,10:02,6784,6797,99.75,114.6,SL,-14.85,2.65,3.15,0.5,
44,Strategy B,2025-01-13,CE,23350,11:09,15:29,6864,7124,119.45,49.6,EOD,69.85,2.7,3.5,0.8,
45,Strategy B,2025-01-13,PE,23050,09:45,09:47,6780,6782,84.5,94.5,SL,-10.0,6.25,6.4,0.15,
46,Strategy B,2025-01-13,PE,23050,10:11,13:13,6806,6988,81.55,91.55,SL,-10.0,6.05,7.0,0.95,
47,Strategy B,2025-01-14,CE,23250,09:33,10:49,7143,7219,94.0,94.0,SL,0.0,2.35,2.75,0.4,
48,Strategy B,2025-01-14,CE,23250,11:41,15:29,7271,7499,89.0,85.2,EOD,3.8,2.35,1.45,-0.9,
49,Strategy B,2025-01-14,PE,23200,10:41,11:51,7211,7281,96.05,96.05,SL,0.0,6.5,5.5,-1.0,
50,Strategy B,2025-01-14,PE,23200,11:59,12:08,7289,7298,89.75,99.75,SL,-10.0,5.09,5.25,0.16,
51,Strategy B,2025-01-14,PE,23200,12:17,13:50,7307,7400,94.65,104.65,SL,-10.0,5.35,5.45,0.1,
52,Strategy B,2025-01-15,CE,23250,09:21,10:46,7506,7591,74.7,84.7,SL,-10.0,1.4,1.0,-0.4,
53,Strategy B,2025-01-15,CE,23250,11:31,15:29,7636,7874,62.8,39.15,EOD,23.65,1.1,0.85,-0.25,
54,Strategy B,2025-01-15,PE,23250,10:21,13:19,7566,7744,75.05,87.15,SL,-12.1,2.0,1.14,-0.86,
55,Strategy B,2025-01-15,PE,23250,14:59,15:16,7844,7861,70.95,80.95,SL,-10.0,1.0,0.75,-0.25,
56,Strategy B,2025-01-16,CE,23350,09:21,15:29,7881,8249,27.7,0.05,EOD,27.65,0.75,0.05,-0.7,
57,Strategy B,2025-01-16,PE,23350,09:33,09:37,7893,7897,40.15,50.15,SL,-10.0,0.9,1.0,0.1,
58,Strategy B,2025-01-16,PE,23350,12:55,15:29,8095,8249,58.45,38.65,EOD,19.8,0.3,0.05,-0.25,
59,Strategy B,2025-01-17,CE,23350,09:21,09:25,8256,8260,115.85,125.85,SL,-10.0,3.15,2.5,-0.65,
60,Strategy B,2025-01-17,CE,23350,09:41,10:20,8276,8315,112.45,124.4,SL,-11.95,2.65,2.45,-0.2,
61,Strategy B,2025-01-17,CE,23350,10:45,12:00,8340,8415,111.45,121.65,SL,-10.2,2.5,2.4,-0.1,
62,Strategy B,2025-01-17,PE,23050,09:29,09:43,8264,8278,98.6,108.6,SL,-10.0,5.75,5.8,0.05,
63,Strategy B,2025-01-17,PE,23050,09:53,10:49,8288,8344,95.05,105.05,SL,-10.0,5.15,4.75,-0.4,
64,Strategy B,2025-01-17,PE,23050,13:57,15:29,8532,8624,110.6,93.8,EOD,16.8,4.45,4.5,0.05,
65,Strategy B,2025-01-20,CE,23350,09:21,11:17,8631,8747,112.6,122.6,SL,-10.0,2.2,1.95,-0.25,
66,Strategy B,2025-01-20,PE,23150,10:05,15:29,8675,8999,120.2,63.2,EOD,57.0,3.65,4.09,0.44,
67,Strategy B,2025-01-21,CE,23450,09:47,09:54,9032,9039,90.65,102.3,SL,-11.65,1.55,1.5,-0.05,
68,Strategy B,2025-01-21,CE,23450,09:59,11:46,9044,9151,86.7,86.7,SL,0.0,1.55,1.25,-0.3,
69,Strategy B,2025-01-21,CE,23450,12:25,12:56,9190,9221,53.4,63.4,SL,-10.0,1.4,1.2,-0.2,
70,Strategy B,2025-01-22,CE,23100,10:41,10:47,9461,9467,96.0,111.0,SL,-15.0,0.95,0.95,0.0,
71,Strategy B,2025-01-22,CE,23100,10:57,14:39,9477,9699,93.9,93.9,SL,0.0,0.9,0.85,-0.05,
72,Strategy B,2025-01-22,PE,23100,09:31,09:44,9391,9404,93.6,106.85,SL,-13.25,1.6,1.45,-0.15,
73,Strategy B,2025-01-22,PE,23100,09:59,11:16,9419,9496,81.55,96.55,SL,-15.0,1.45,1.35,-0.1,
74,Strategy B,2025-01-22,PE,23100,14:21,15:29,9681,9749,58.4,34.75,EOD,23.65,1.5,0.9,-0.6,
75,Strategy B,2025-01-23,CE,23100,15:21,15:29,10116,10124,102.5,105.2,EOD,-2.7,0.05,0.05,0.0,
76,Strategy B,2025-01-23,PE,23100,09:27,15:29,9762,10124,32.25,0.05,EOD,32.2,0.85,0.05,-0.8,
77,Strategy B,2025-01-24,CE,23450,09:33,11:13,10143,10243,101.95,101.95,SL,0.0,2.54,2.0,-0.54,
78,Strategy B,2025-01-24,CE,23450,12:41,15:29,10331,10499,86.85,46.9,EOD,39.95,2.2,1.9,-0.3,
79,Strategy B,2025-01-24,PE,23100,10:37,13:04,10207,10354,128.05,128.05,SL,0.0,5.45,4.4,-1.05,
80,Strategy B,2025-01-27,CE,23100,10:19,15:29,10564,10874,98.65,58.45,EOD,40.2,2.25,2.15,-0.1,
81,Strategy B,2025-01-27,PE,22800,09:29,10:17,10514,10562,97.25,107.6,SL,-10.35,2.7,2.54,-0.16,
82,Strategy B,2025-01-27,PE,22800,11:53,12:13,10658,10678,116.5,126.5,SL,-10.0,2.65,2.8,0.15,
83,Strategy B,2025-01-28,CE,23000,10:37,10:41,10957,10961,105.95,115.95,SL,-10.0,1.85,1.75,-0.1,
84,Strategy B,2025-01-28,CE,23000,15:01,15:29,11221,11249,133.3,128.4,EOD,4.9,1.55,1.35,-0.2,
85,Strategy B,2025-01-28,PE,22900,11:15,15:29,10995,11249,135.5,99.95,EOD,35.55,2.1,1.14,-0.96,
86,Strategy B,2025-01-29,PE,23000,10:11,10:47,11306,11342,111.65,126.65,SL,-15.0,1.6,1.45,-0.15,
87,Strategy B,2025-01-29,PE,23000,10:59,11:14,11354,11369,111.0,121.0,SL,-10.0,1.5,1.4,-0.1,
88,Strategy B,2025-01-29,PE,23000,11:43,15:29,11398,11624,110.3,88.95,EOD,21.35,1.2,0.85,-0.35,
89,Strategy B,2025-01-30,CE,23200,11:33,11:47,11763,11777,97.3,111.55,SL,-14.25,0.45,0.4,-0.05,
90,Strategy B,2025-01-30,CE,23200,12:55,12:56,11845,11846,94.4,109.4,SL,-15.0,0.3,0.2,-0.1,
91,Strategy B,2025-01-30,CE,23200,13:15,15:29,11865,11999,90.05,50.2,EOD,39.85,0.3,0.05,-0.25,
92,Strategy B,2025-01-30,PE,23100,09:31,15:29,11641,11999,88.0,0.15,EOD,87.85,1.25,0.05,-1.2,
93,Strategy B,2025-01-31,CE,23800,10:53,13:16,12098,12241,133.0,143.0,SL,-10.0,9.85,7.9,-1.95,
94,Strategy B,2025-01-31,CE,23800,14:01,15:29,12286,12374,133.05,139.6,EOD,-6.55,8.0,8.75,0.75,
95,Strategy B,2025-01-31,PE,22800,09:49,15:29,12034,12374,117.3,50.65,EOD,66.65,17.8,8.9,-8.9,
96,Strategy B,2025-02-01,CE,23800,11:55,11:57,12535,12537,83.95,98.95,SL,-15.0,6.2,6.65,0.45,
97,Strategy B,2025-02-01,CE,23800,12:07,12:12,12547,12552,92.6,107.6,SL,-15.0,7.1,8.4,1.3,
98,Strategy B,2025-02-01,CE,23800,12:19,12:24,12559,12564,71.65,86.65,SL,-15.0,5.15,5.35,0.2,
99,Strategy B,2025-02-01,PE,23250,14:19,14:32,12679,12692,59.8,69.8,SL,-10.0,4.2,4.75,0.55,
100,Strategy B,2025-02-01,PE,23250,14:51,15:29,12711,12749,57.75,57.4,EOD,0.35,3.8,4.0,0.2,
101,Strategy B,2025-02-03,CE,23350,09:21,09:26,12756,12761,117.8,127.8,SL,-10.0,3.35,3.2,-0.15,
102,Strategy B,2025-02-03,CE,23350,09:39,10:42,12774,12837,104.8,117.35,SL,-12.55,2.7,2.2,-0.5,
103,Strategy B,2025-02-03,CE,23350,11:35,13:03,12890,12978,104.85,114.85,SL,-10.0,2.1,1.9,-0.2,
104,Strategy B,2025-02-03,PE,23250,09:33,09:35,12768,12770,95.4,105.4,SL,-10.0,4.7,5.09,0.39,
105,Strategy B,2025-02-03,PE,23250,10:21,11:41,12816,12896,107.95,107.95,SL,0.0,4.09,3.65,-0.44,
106,Strategy B,2025-02-03,PE,23250,11:49,15:29,12904,13124,97.8,65.9,EOD,31.9,3.55,2.9,-0.65,
107,Strategy B,2025-02-04,CE,23500,10:53,11:02,13223,13232,128.19,138.19,SL,-10.0,1.45,1.4,-0.05,
108,Strategy B,2025-02-04,PE,23500,09:23,09:28,13133,13138,91.55,101.55,SL,-10.0,2.95,3.0,0.05,
109,Strategy B,2025-02-04,PE,23500,11:23,15:29,13253,13499,108.65,28.45,EOD,80.2,2.6,2.04,-0.56,
110,Strategy B,2025-02-05,CE,23750,09:57,10:30,13542,13575,70.4,80.4,SL,-10.0,0.75,0.7,-0.05,
111,Strategy B,2025-02-05,CE,23750,10:37,15:29,13582,13874,70.95,43.1,EOD,27.85,0.75,0.5,-0.25,
112,Strategy B,2025-02-05,PE,23750,09:41,09:56,13526,13541,83.0,95.0,SL,-12.0,1.75,1.65,-0.1,
113,Strategy B,2025-02-05,PE,23750,10:29,10:57,13574,13602,78.15,88.15,SL,-10.0,1.8,1.6,-0.2,
114,Strategy B,2025-02-05,PE,23750,11:49,11:52,13654,13657,77.45,87.45,SL,-10.0,1.4,1.45,0.05,
115,Strategy B,2025-02-06,CE,23750,09:35,15:29,13895,14249,37.95,0.05,EOD,37.9,0.6,0.05,-0.55,
116,Strategy B,2025-02-07,CE,23800,09:21,10:09,14256,14304,113.1,123.1,SL,-10.0,2.29,2.2,-0.09,
117,Strategy B,2025-02-07,CE,23800,10:17,11:16,14312,14371,93.1,103.1,SL,-10.0,1.75,1.5,-0.25,
118,Strategy B,2025-02-07,CE,23800,12:03,15:29,14418,14624,95.9,64.3,EOD,31.6,1.55,1.3,-0.25,
119,Strategy B,2025-02-07,PE,23450,09:41,10:18,14276,14313,118.35,118.35,SL,0.0,5.3,3.7,-1.6,
120,Strategy B,2025-02-07,PE,23450,10:45,12:12,14340,14427,100.3,100.3,SL,0.0,3.05,2.4,-0.65,
121,Strategy B,2025-02-07,PE,23450,12:29,12:54,14444,14469,86.8,99.05,SL,-12.25,2.35,2.45,0.1,
122,Strategy B,2025-02-10,CE,23600,09:31,15:29,14641,14999,89.55,67.0,EOD,22.55,1.7,1.3,-0.4,
123,Strategy B,2025-02-10,PE,23450,10:03,10:05,14673,14675,133.5,143.5,SL,-10.0,2.1,2.04,-0.06,
124,Strategy B,2025-02-11,CE,23450,09:29,09:37,15014,15022,85.4,95.4,SL,-10.0,1.45,1.14,-0.31,
125,Strategy B,2025-02-11,CE,23450,09:47,15:29,15032,15374,78.0,18.5,EOD,59.5,1.14,1.1,-0.04,
126,Strategy B,2025-02-11,PE,23300,09:43,09:47,15028,15032,104.85,114.85,SL,-10.0,1.35,1.35,0.0,
127,Strategy B,2025-02-11,PE,23300,11:19,11:30,15124,15135,114.1,124.1,SL,-10.0,1.14,1.1,-0.04,
128,Strategy B,2025-02-12,CE,23100,09:23,11:44,15383,15524,75.0,75.0,SL,0.0,1.05,0.85,-0.2,
129,Strategy B,2025-02-12,CE,23100,14:01,14:21,15661,15681,58.45,73.45,SL,-15.0,0.8,0.75,-0.05,
130,Strategy B,2025-02-12,CE,23100,14:45,15:05,15705,15725,60.2,70.3,SL,-10.1,0.7,0.7,0.0,
131,Strategy B,2025-02-12,PE,23050,11:55,12:27,15535,15567,105.6,120.6,SL,-15.0,1.1,1.14,0.04,
132,Strategy B,2025-02-12,PE,23050,12:33,13:50,15573,15650,97.85,97.85,SL,0.0,1.05,0.9,-0.15,
133,Strategy B,2025-02-12,PE,23050,15:05,15:29,15725,15749,90.85,82.0,EOD,8.85,0.8,0.55,-0.25,
134,Strategy B,2025-02-13,CE,23100,13:25,15:29,16000,16124,70.3,0.05,EOD,70.25,0.2,0.05,-0.15,
135,Strategy B,2025-02-13,PE,23100,09:39,13:41,15774,16016,71.5,71.5,SL,0.0,0.75,0.2,-0.55,
136,Strategy B,2025-02-14,CE,23300,09:45,10:05,16155,16175,80.4,90.4,SL,-10.0,1.7,1.65,-0.05,
137,Strategy B,2025-02-14,CE,23300,10:13,15:29,16183,16499,81.09,41.25,EOD,39.84,1.5,1.35,-0.15,
138,Strategy B,2025-02-14,PE,23000,10:05,10:13,16175,16183,124.05,135.15,SL,-11.1,4.09,4.15,0.06,
139,Strategy B,2025-02-14,PE,23000,10:19,10:28,16189,16198,116.7,131.7,SL,-15.0,3.65,3.95,0.3,
140,Strategy B,2025-02-17,CE,22950,09:41,10:21,16526,16566,118.25,128.6,SL,-10.35,1.7,1.7,0.0,
141,Strategy B,2025-02-17,CE,22950,11:13,11:43,16618,16648,120.3,135.3,SL,-15.0,1.7,1.75,0.05,
142,Strategy B,2025-02-17,CE,22950,12:15,12:46,16680,16711,122.1,132.75,SL,-10.65,1.6,1.65,0.05,
143,Strategy B,2025-02-17,PE,22650,09:27,09:32,16512,16517,77.0,87.75,SL,-10.75,2.65,3.25,0.6,
144,Strategy B,2025-02-17,PE,22650,10:29,15:29,16574,16874,77.25,43.8,EOD,33.45,2.4,1.85,-0.55,
145,Strategy B,2025-02-18,CE,23050,09:25,09:51,16885,16911,92.8,107.0,SL,-14.2,1.2,1.1,-0.1,
146,Strategy B,2025-02-18,CE,23050,10:15,13:44,16935,17144,76.2,86.2,SL,-10.0,1.1,0.9,-0.2,
147,Strategy B,2025-02-18,CE,23050,15:21,15:29,17241,17249,67.15,65.09,EOD,2.06,0.75,0.7,-0.05,
148,Strategy B,2025-02-18,PE,22850,09:43,10:19,16903,16939,112.95,123.4,SL,-10.45,2.25,2.25,0.0,
149,Strategy B,2025-02-18,PE,22850,11:47,11:52,17027,17032,111.15,125.6,SL,-14.45,1.8,1.85,0.05,
150,Strategy B,2025-02-18,PE,22850,12:13,15:29,17053,17249,119.7,84.9,EOD,34.8,1.8,1.14,-0.66,
151,Strategy B,2025-02-19,CE,22850,14:25,14:50,17560,17585,119.55,129.55,SL,-10.0,0.65,0.7,0.05,
152,Strategy B,2025-02-19,CE,22850,15:17,15:29,17612,17624,132.44,127.3,EOD,5.14,0.65,0.65,0.0,
153,Strategy B,2025-02-19,PE,22800,09:33,15:29,17268,17624,67.0,38.04,EOD,28.96,0.85,0.35,-0.5,
154,Strategy B,2025-02-20,CE,22850,10:53,11:00,17723,17730,62.3,72.3,SL,-10.0,0.35,0.3,-0.05,
155,Strategy B,2025-02-20,CE,22850,11:49,12:40,17779,17830,59.2,71.59,SL,-12.39,0.35,0.25,-0.1,
156,Strategy B,2025-02-20,CE,22850,12:45,13:49,17835,17899,62.5,72.5,SL,-10.0,0.25,0.25,0.0,
157,Strategy B,2025-02-20,PE,22850,09:39,09:45,17649,17655,39.5,49.95,SL,-10.45,0.45,0.45,0.0,
158,Strategy B,2025-02-20,PE,22850,09:57,15:29,17667,17999,38.85,0.1,EOD,38.75,0.4,0.05,-0.35,
159,Strategy B,2025-02-21,CE,23000,09:31,15:29,18016,18374,114.3,62.65,EOD,51.65,1.65,1.55,-0.1,
160,Strategy B,2025-02-21,PE,22800,09:21,09:41,18006,18026,105.55,115.55,SL,-10.0,2.5,2.6,0.1,
161,Strategy B,2025-02-21,PE,22800,11:57,12:03,18162,18168,132.35,142.35,SL,-10.0,3.35,3.75,0.4,
162,Strategy B,2025-02-21,PE,22800,12:35,12:55,18200,18220,123.3,136.94,SL,-13.64,2.7,3.1,0.4,
163,Strategy B,2025-02-24,CE,22750,09:35,15:29,18395,18749,83.75,42.25,EOD,41.5,1.8,1.75,-0.05,
164,Strategy B,2025-02-24,PE,22600,11:09,13:38,18489,18638,105.15,115.15,SL,-10.0,2.8,2.25,-0.55,
165,Strategy B,2025-02-24,PE,22600,14:33,15:29,18693,18749,94.9,98.5,EOD,-3.6,2.15,1.65,-0.5,
166,Strategy B,2025-02-25,CE,22550,09:27,09:32,18762,18767,100.0,110.0,SL,-10.0,1.7,1.6,-0.1,
167,Strategy B,2025-02-25,CE,22550,10:21,15:29,18816,19124,96.2,66.9,EOD,29.3,1.85,1.25,-0.6,
168,Strategy B,2025-02-25,PE,22550,09:33,15:29,18768,19124,62.15,50.05,EOD,12.1,1.5,1.05,-0.45,
169,Strategy B,2025-02-27,CE,22600,09:25,15:29,19135,19499,21.45,0.05,EOD,21.4,0.7,0.05,-0.65,
170,Strategy B,2025-02-27,PE,22600,09:23,09:24,19133,19134,28.2,38.2,SL,-10.0,0.6,0.55,-0.05,
171,Strategy B,2025-02-27,PE,22600,10:53,10:59,19223,19229,42.65,52.65,SL,-10.0,0.55,0.5,-0.05,
172,Strategy B,2025-02-27,PE,22600,11:17,11:30,19247,19260,46.55,56.55,SL,-10.0,0.45,0.35,-0.1,
173,Strategy B,2025-02-28,CE,22500,09:21,15:29,19506,19874,95.6,33.25,EOD,62.35,1.8,1.35,-0.45,
174,Strategy B,2025-02-28,PE,22300,10:25,10:28,19570,19573,111.0,121.0,SL,-10.0,3.4,3.5,0.1,
175,Strategy B,2025-02-28,PE,22300,10:33,10:34,19578,19579,111.55,121.55,SL,-10.0,3.5,3.5,0.0,
176,Strategy B,2025-02-28,PE,22300,10:39,10:48,19584,19593,107.7,120.6,SL,-12.9,3.5,3.6,0.1,
177,Strategy B,2025-03-03,CE,22300,09:27,15:29,19887,20249,87.7,55.5,EOD,32.2,1.45,1.0,-0.45,
178,Strategy B,2025-03-03,PE,22200,13:11,13:29,20111,20129,132.25,144.65,SL,-12.4,2.65,2.8,0.15,
179,Strategy B,2025-03-03,PE,22200,13:43,13:58,20143,20158,140.3,150.3,SL,-10.0,2.75,2.8,0.05,
180,Strategy B,2025-03-03,PE,22200,14:21,15:00,20181,20220,140.35,150.35,SL,-10.0,2.6,2.45,-0.15,
181,Strategy B,2025-03-04,CE,22000,12:07,12:26,20422,20441,127.85,138.3,SL,-10.45,1.2,1.1,-0.1,
182,Strategy B,2025-03-04,CE,22000,12:49,14:02,20464,20537,131.1,141.1,SL,-10.0,1.05,0.9,-0.15,
183,Strategy B,2025-03-04,PE,22000,09:39,15:29,20274,20624,81.25,66.5,EOD,14.75,1.7,0.95,-0.75,
184,Strategy B,2025-03-05,PE,22150,09:23,15:29,20633,20999,80.09,24.95,EOD,55.14,0.85,0.5,-0.35,
185,Strategy B,2025-03-06,CE,22450,09:21,12:50,21006,21215,34.0,45.0,SL,-11.0,0.4,0.1,-0.3,
186,Strategy B,2025-03-06,PE,22450,11:05,11:22,21110,21127,85.75,85.75,SL,0.0,0.3,0.25,-0.05,
187,Strategy B,2025-03-06,PE,22450,11:51,11:58,21156,21163,73.7,88.7,SL,-15.0,0.15,0.15,0.0,
188,Strategy B,2025-03-06,PE,22450,12:03,15:29,21168,21374,67.59,0.05,EOD,67.54,0.15,0.05,-0.1,
189,Strategy B,2025-03-07,CE,22650,09:25,09:34,21385,21394,95.5,110.5,SL,-15.0,1.3,1.25,-0.05,
190,Strategy B,2025-03-07,CE,22650,09:41,09:58,21401,21418,87.3,102.3,SL,-15.0,1.25,1.3,0.05,
191,Strategy B,2025-03-07,CE,22650,12:03,12:31,21543,21571,95.85,110.85,SL,-15.0,1.3,1.35,0.05,
192,Strategy B,2025-03-07,PE,22450,09:59,11:49,21419,21529,100.65,100.65,SL,0.0,3.0,3.0,0.0,
193,Strategy B,2025-03-07,PE,22450,12:37,12:52,21577,21592,85.5,95.5,SL,-10.0,2.85,2.85,0.0,
194,Strategy B,2025-03-07,PE,22450,12:57,13:10,21597,21610,89.65,99.65,SL,-10.0,2.8,2.9,0.1,
195,Strategy B,2025-03-10,CE,22600,11:55,15:29,21910,22124,128.4,55.4,EOD,73.0,0.9,0.85,-0.05,
196,Strategy B,2025-03-10,PE,22500,09:25,13:48,21760,22023,99.9,99.9,SL,0.0,2.3,1.65,-0.65,
197,Strategy B,2025-03-11,PE,22300,09:39,15:29,22149,22499,83.75,33.95,EOD,49.8,1.85,1.2,-0.65,
198,Strategy B,2025-03-12,CE,22550,09:27,15:29,22512,22874,59.05,35.3,EOD,23.75,0.6,0.65,0.05,
199,Strategy B,2025-03-12,PE,22550,14:21,15:29,22806,22874,125.8,108.4,EOD,17.4,0.9,1.25,0.35,
200,Strategy B,2025-03-13,CE,22500,09:21,09:56,22881,22916,31.75,41.75,SL,-10.0,0.5,0.5,0.0,
201,Strategy B,2025-03-13,CE,22500,10:53,15:29,22973,23249,30.25,0.05,EOD,30.2,0.3,0.05,-0.25,
202,Strategy B,2025-03-13,PE,22500,09:41,10:52,22901,22972,44.5,44.5,SL,0.0,0.6,0.3,-0.3,
203,Strategy B,2025-03-13,PE,22500,11:15,11:19,22995,22999,24.8,34.8,SL,-10.0,0.25,0.25,0.0,
204,Strategy B,2025-03-17,CE,22550,10:03,14:06,23298,23541,112.5,112.5,SL,0.0,1.0,0.85,-0.15,
205,Strategy B,2025-03-17,CE,22550,14:27,15:29,23562,23624,103.25,108.2,EOD,-4.95,0.85,0.75,-0.1,
206,Strategy B,2025-03-17,PE,22500,09:21,10:27,23256,23322,97.85,112.85,SL,-15.0,2.25,1.8,-0.45,
207,Strategy B,2025-03-17,PE,22500,14:07,14:31,23542,23566,98.6,108.6,SL,-10.0,1.7,1.7,0.0,
208,Strategy B,2025-03-17,PE,22500,14:37,14:40,23572,23575,98.5,108.5,SL,-10.0,1.55,1.6,0.05,
209,Strategy B,2025-03-18,PE,22650,09:33,15:29,23643,23999,93.25,33.04,EOD,60.21,1.65,1.7,0.05,
210,Strategy B,2025-03-19,CE,22850,09:25,09:29,24010,24014,83.6,98.6,SL,-15.0,0.55,0.5,-0.05,
211,Strategy B,2025-03-19,PE,22850,09:49,10:09,24034,24054,65.55,80.15,SL,-14.6,1.1,1.0,-0.1,
212,Strategy B,2025-03-19,PE,22850,10:15,15:29,24060,24374,66.0,47.8,EOD,18.2,1.05,1.45,0.4,
213,Strategy B,2025-03-20,CE,23000,10:13,10:17,24433,24437,47.65,57.65,SL,-10.0,0.45,0.4,-0.05,
214,Strategy B,2025-03-20,PE,23000,09:35,09:39,24395,24399,26.4,36.4,SL,-10.0,1.2,1.1,-0.1,
215,Strategy B,2025-03-20,PE,23000,10:23,10:51,24443,24471,28.7,38.7,SL,-10.0,0.65,0.5,-0.15,
216,Strategy B,2025-03-20,PE,23000,10:59,15:29,24479,24749,29.8,0.1,EOD,29.7,0.55,0.05,-0.5,
217,Strategy B,2025-03-21,PE,23150,09:33,15:29,24768,25124,97.1,47.9,EOD,49.2,3.05,4.05,1.0,
218,Strategy B,2025-03-24,CE,23550,09:41,09:41,25151,25151,89.5,99.5,SL,-10.0,1.65,1.6,-0.05,
219,Strategy B,2025-03-24,PE,23500,09:21,09:21,25131,25131,113.6,123.6,SL,-10.0,3.8,4.05,0.25,
220,Strategy B,2025-03-24,PE,23500,09:57,15:29,25167,25499,109.9,57.3,EOD,52.6,3.65,5.35,1.7,
221,Strategy B,2025-03-25,CE,23800,10:39,10:43,25584,25588,102.65,117.65,SL,-15.0,2.8,2.85,0.05,
222,Strategy B,2025-03-25,CE,23800,10:51,15:29,25596,25874,108.6,58.05,EOD,50.55,2.54,1.2,-1.34,
223,Strategy B,2025-03-25,PE,23700,09:35,10:38,25520,25583,102.1,102.1,SL,0.0,4.45,4.4,-0.05,
224,Strategy B,2025-03-25,PE,23700,12:09,12:12,25674,25677,86.95,101.95,SL,-15.0,4.59,4.65,0.06,
225,Strategy B,2025-03-25,PE,23700,12:45,13:16,25710,25741,94.2,104.2,SL,-10.0,4.65,5.35,0.7,
226,Strategy B,2025-03-26,CE,23700,09:41,09:56,25901,25916,83.55,98.55,SL,-15.0,1.3,1.25,-0.05,
227,Strategy B,2025-03-26,CE,23700,10:07,10:12,25927,25932,78.25,93.25,SL,-15.0,1.3,1.2,-0.1,
228,Strategy B,2025-03-26,CE,23700,10:31,10:34,25951,25954,83.75,93.75,SL,-10.0,1.2,1.14,-0.06,
229,Strategy B,2025-03-26,PE,23700,10:15,10:24,25935,25944,85.95,95.95,SL,-10.0,1.9,1.8,-0.1,
230,Strategy B,2025-03-26,PE,23700,10:33,11:01,25953,25981,84.35,94.75,SL,-10.4,1.9,1.55,-0.35,
231,Strategy B,2025-03-26,PE,23700,11:33,11:39,26013,26019,87.55,97.55,SL,-10.0,1.75,1.7,-0.05,
232,Strategy B,2025-03-27,PE,23450,09:23,15:29,26258,26624,40.25,0.1,EOD,40.15,2.1,0.05,-2.05,
233,Strategy B,2025-03-28,CE,23750,09:27,10:31,26637,26701,95.45,95.45,SL,0.0,3.75,2.8,-0.95,
234,Strategy B,2025-03-28,CE,23750,11:19,15:29,26749,26999,82.6,38.04,EOD,44.56,2.45,2.7,0.25,
235,Strategy B,2025-03-28,PE,23550,10:31,12:21,26701,26811,114.85,129.0,SL,-14.15,4.5,3.8,-0.7,
236,Strategy B,2025-03-28,PE,23550,14:43,15:01,26953,26971,110.0,120.0,SL,-10.0,5.5,6.05,0.55,
237,Strategy B,2025-03-28,PE,23550,15:11,15:17,26981,26987,117.05,127.05,SL,-10.0,5.4,5.4,0.0,
238,Strategy B,2025-04-01,CE,23450,10:15,10:17,27060,27062,108.7,123.55,SL,-14.85,2.0,2.04,0.04,
239,Strategy B,2025-04-01,CE,23450,10:23,15:29,27068,27374,111.1,22.65,EOD,88.45,1.95,1.4,-0.55,
240,Strategy B,2025-04-01,PE,23400,09:29,10:24,27014,27069,74.34,89.34,SL,-15.0,3.35,3.3,-0.05,
241,Strategy B,2025-04-02,CE,23200,09:51,09:56,27411,27416,104.6,117.7,SL,-13.1,1.3,1.14,-0.16,
242,Strategy B,2025-04-02,CE,23200,10:09,10:10,27429,27430,108.05,123.05,SL,-15.0,1.25,1.25,0.0,
243,Strategy B,2025-04-02,CE,23200,11:53,11:57,27533,27537,112.2,122.2,SL,-10.0,1.2,1.25,0.05,
244,Strategy B,2025-04-02,PE,23200,09:33,09:44,27393,27404,61.35,73.7,SL,-12.35,2.04,1.95,-0.09,
245,Strategy B,2025-04-02,PE,23200,10:11,15:29,27431,27749,66.59,35.5,EOD,31.09,1.85,1.45,-0.4,
246,Strategy B,2025-04-03,CE,23200,09:59,10:05,27794,27800,59.1,69.1,SL,-10.0,0.8,0.65,-0.15,
247,Strategy B,2025-04-03,CE,23200,12:27,15:29,27942,28124,62.95,50.15,EOD,12.8,0.65,0.05,-0.6,
248,Strategy B,2025-04-03,PE,23200,09:29,15:29,27764,28124,33.29,0.05,EOD,33.24,1.7,0.05,-1.65,
249,Strategy B,2025-04-04,CE,23200,09:21,09:34,28131,28144,94.8,109.8,SL,-15.0,1.9,1.6,-0.3,
250,Strategy B,2025-04-04,CE,23200,09:47,15:29,28157,28499,85.15,25.3,EOD,59.85,1.7,1.45,-0.25,
251,Strategy B,2025-04-04,PE,23000,11:31,11:37,28261,28267,128.1,142.4,SL,-14.3,3.55,3.6,0.05,
252,Strategy B,2025-04-07,CE,22500,09:59,10:29,28544,28574,72.15,87.15,SL,-15.0,6.3,6.55,0.25,
253,Strategy B,2025-04-07,CE,22500,10:37,10:40,28582,28585,76.5,86.5,SL,-10.0,6.4,6.3,-0.1,
254,Strategy B,2025-04-07,CE,22500,11:13,11:35,28618,28640,81.7,91.7,SL,-10.0,6.15,6.55,0.4,
255,Strategy B,2025-04-07,PE,21550,09:27,09:40,28512,28525,160.4,160.4,SL,0.0,,,0.0,no_hedge
256,Strategy B,2025-04-07,PE,21550,09:45,09:47,28530,28532,138.85,153.85,SL,-15.0,,,0.0,no_hedge
257,Strategy B,2025-04-07,PE,21550,09:53,09:55,28538,28540,121.05,136.05,SL,-15.0,,,0.0,no_hedge
258,Strategy B,2025-04-08,CE,22650,09:35,11:08,28895,28988,90.25,90.25,SL,0.0,4.7,4.55,-0.15,
259,Strategy B,2025-04-08,CE,22650,11:29,11:37,29009,29017,64.25,74.25,SL,-10.0,4.5,4.59,0.09,
260,Strategy B,2025-04-08,CE,22650,15:15,15:21,29235,29241,107.1,121.9,SL,-14.8,2.9,2.8,-0.1,
261,Strategy B,2025-04-08,PE,22350,09:31,09:35,28891,28895,95.1,105.75,SL,-10.65,16.6,18.14,1.54,
262,Strategy B,2025-04-08,PE,22350,12:09,13:53,29049,29153,135.85,135.85,SL,0.0,28.85,21.75,-7.1,
263,Strategy B,2025-04-08,PE,22350,14:01,15:29,29161,29249,110.35,105.95,EOD,4.4,18.1,10.8,-7.3,
264,Strategy B,2025-04-09,CE,22450,09:27,09:44,29262,29279,67.65,82.65,SL,-15.0,2.29,2.25,-0.04,
265,Strategy B,2025-04-09,CE,22450,09:51,09:53,29286,29288,42.95,57.95,SL,-15.0,2.2,2.15,-0.05,
266,Strategy B,2025-04-09,CE,22450,10:13,10:19,29308,29314,22.6,37.6,SL,-15.0,1.35,1.14,-0.21,
267,Strategy B,2025-04-09,PE,22300,09:25,09:27,29260,29262,54.5,69.5,SL,-15.0,2.8,2.8,0.0,
268,Strategy B,2025-04-09,PE,22300,09:35,15:29,29270,29624,41.3,0.1,EOD,41.2,2.2,0.05,-2.15,
269,Strategy B,2025-04-11,CE,23050,10:21,11:35,29691,29765,140.25,151.55,SL,-11.3,8.69,8.1,-0.59,
270,Strategy B,2025-04-11,CE,23050,12:03,12:12,29793,29802,138.85,148.85,SL,-10.0,7.4,8.1,0.7,
271,Strategy B,2025-04-11,CE,23050,14:01,14:49,29911,29959,137.3,147.3,SL,-10.0,10.9,11.3,0.4,
272,Strategy B,2025-04-11,PE,22450,09:25,09:28,29635,29638,100.15,114.65,SL,-14.5,17.14,19.75,2.61,
273,Strategy B,2025-04-11,PE,22450,09:35,10:36,29645,29706,102.15,114.65,SL,-12.5,17.8,20.3,2.5,
274,Strategy B,2025-04-11,PE,22450,10:57,13:54,29727,29904,95.7,105.7,SL,-10.0,16.45,27.8,11.35,
275,Strategy B,2025-04-15,CE,23350,09:27,15:29,30012,30374,120.85,85.2,EOD,35.65,4.05,1.85,-2.2,
276,Strategy B,2025-04-15,PE,23200,09:21,15:29,30006,30374,106.3,50.45,EOD,55.85,9.8,4.09,-5.71,
277,Strategy B,2025-04-16,CE,23300,10:23,10:51,30443,30471,56.75,66.75,SL,-10.0,1.2,1.14,-0.06,
278,Strategy B,2025-04-16,CE,23300,10:57,11:08,30477,30488,60.75,70.75,SL,-10.0,1.1,1.05,-0.05,
279,Strategy B,2025-04-16,CE,23300,13:25,13:56,30625,30656,66.15,76.15,SL,-10.0,0.85,0.75,-0.1,
280,Strategy B,2025-04-16,PE,23300,09:25,10:21,30385,30441,73.09,84.2,SL,-11.11,1.65,1.5,-0.15,
281,Strategy B,2025-04-16,PE,23300,12:09,13:20,30549,30620,73.25,83.25,SL,-10.0,1.6,1.6,0.0,
282,Strategy B,2025-04-16,PE,23300,13:59,15:29,30659,30749,50.1,36.79,EOD,13.31,1.75,2.1,0.35,
283,Strategy B,2025-04-17,CE,23400,09:21,09:41,30756,30776,26.15,36.15,SL,-10.0,0.65,0.55,-0.1,
284,Strategy B,2025-04-17,CE,23400,10:11,10:17,30806,30812,21.3,32.6,SL,-11.3,0.6,0.5,-0.1,
285,Strategy B,2025-04-17,PE,23400,09:45,10:10,30780,30805,68.5,83.5,SL,-15.0,0.85,0.5,-0.35,
286,Strategy B,2025-04-17,PE,23400,10:31,11:01,30826,30856,63.95,73.95,SL,-10.0,0.55,0.45,-0.1,
287,Strategy B,2025-04-17,PE,23400,11:21,15:29,30876,31124,53.6,0.1,EOD,53.5,0.4,0.05,-0.35,
288,Strategy B,2025-04-21,PE,23850,09:39,15:29,31149,31499,106.65,37.15,EOD,69.5,7.65,9.44,1.79,
289,Strategy B,2025-04-22,CE,24100,14:17,15:29,31802,31874,142.65,131.15,EOD,11.5,2.45,1.5,-0.95,
290,Strategy B,2025-04-22,PE,24100,09:31,15:29,31516,31874,92.7,65.0,EOD,27.7,7.6,5.5,-2.1,
291,Strategy B,2025-04-23,CE,24300,09:39,09:40,31899,31900,68.4,78.59,SL,-10.19,1.5,1.45,-0.05,
292,Strategy B,2025-04-23,CE,24300,09:59,14:58,31919,32218,78.09,78.09,SL,0.0,1.3,1.3,0.0,
293,Strategy B,2025-04-23,PE,24300,09:25,09:29,31885,31889,64.84,77.0,SL,-12.16,3.4,2.95,-0.45,
294,Strategy B,2025-04-23,PE,24300,09:55,09:57,31915,31917,68.3,78.3,SL,-10.0,2.75,2.7,-0.05,
295,Strategy B,2025-04-23,PE,24300,12:59,15:29,32099,32249,95.45,59.1,EOD,36.35,3.55,5.0,1.45,
296,Strategy B,2025-04-24,CE,24300,09:29,09:34,32264,32269,26.35,37.95,SL,-11.6,2.25,2.15,-0.1,
297,Strategy B,2025-04-24,CE,24300,09:45,09:54,32280,32289,26.5,36.5,SL,-10.0,2.25,1.85,-0.4,
298,Strategy B,2025-04-24,CE,24300,10:03,10:12,32298,32307,25.8,35.8,SL,-10.0,2.1,2.0,-0.1,
299,Strategy B,2025-04-24,PE,24300,09:23,09:25,32258,32260,38.29,51.15,SL,-12.86,4.7,4.84,0.14,
300,Strategy B,2025-04-24,PE,24300,10:25,10:48,32320,32343,41.85,52.55,SL,-10.7,2.29,2.25,-0.04,
301,Strategy B,2025-04-24,PE,24300,11:01,11:25,32356,32380,46.6,56.6,SL,-10.0,2.4,1.8,-0.6,
302,Strategy B,2025-04-25,CE,24500,09:33,15:29,32643,32999,94.7,28.6,EOD,66.1,3.55,1.9,-1.65,
303,Strategy B,2025-04-28,PE,24100,09:33,15:29,33018,33374,92.4,37.95,EOD,54.45,10.3,11.5,1.2,
304,Strategy B,2025-04-29,CE,24400,09:41,15:29,33401,33749,70.2,25.8,EOD,44.4,1.3,0.85,-0.45,
305,Strategy B,2025-04-29,PE,24400,09:25,09:29,33385,33389,60.15,72.59,SL,-12.44,5.35,5.55,0.2,
306,Strategy B,2025-04-29,PE,24400,13:03,15:07,33603,33727,96.65,106.65,SL,-10.0,5.7,6.35,0.65,
307,Strategy B,2025-04-30,CE,24300,10:33,10:56,33828,33851,32.1,47.1,SL,-15.0,0.7,0.5,-0.2,
308,Strategy B,2025-04-30,CE,24300,15:25,15:29,34120,34124,43.85,34.15,EOD,9.7,0.05,0.05,0.0,
309,Strategy B,2025-04-30,PE,24300,09:23,15:29,33758,34124,27.25,0.15,EOD,27.1,2.1,0.05,-2.05,
310,Strategy B,2025-05-02,CE,24650,10:35,15:29,34205,34499,123.65,42.6,EOD,81.05,2.45,1.95,-0.5,
311,Strategy B,2025-05-02,PE,24200,09:21,11:24,34131,34254,115.85,115.85,SL,0.0,21.0,16.45,-4.55,
312,Strategy B,2025-05-02,PE,24200,13:31,14:21,34381,34431,107.1,120.4,SL,-13.3,18.45,21.65,3.2,
313,Strategy B,2025-05-02,PE,24200,14:53,15:07,34463,34477,113.9,123.9,SL,-10.0,18.89,23.7,4.81,
314,Strategy B,2025-05-05,CE,24450,11:41,15:29,34646,34874,119.2,109.05,EOD,10.15,2.0,2.15,0.15,
315,Strategy B,2025-05-05,PE,24350,09:51,15:29,34536,34874,91.65,58.8,EOD,32.85,11.65,11.85,0.2,
316,Strategy B,2025-05-06,CE,24500,09:23,15:29,34883,35249,64.84,21.55,EOD,43.29,1.9,1.35,-0.55,
317,Strategy B,2025-05-06,PE,24500,09:45,09:52,34905,34912,104.2,114.35,SL,-10.15,11.15,11.55,0.4,
318,Strategy B,2025-05-07,CE,24350,09:53,09:57,35288,35292,76.3,91.3,SL,-15.0,1.35,1.45,0.1,
319,Strategy B,2025-05-07,CE,24350,10:03,11:19,35298,35374,74.84,89.84,SL,-15.0,1.4,1.25,-0.15,
320,Strategy B,2025-05-07,CE,24350,11:51,12:45,35406,35460,70.8,82.6,SL,-11.8,1.3,1.3,0.0,
321,Strategy B,2025-05-07,PE,24350,09:29,09:47,35264,35282,73.05,88.05,SL,-15.0,13.35,15.9,2.55,
322,Strategy B,2025-05-07,PE,24350,10:35,10:51,35330,35346,68.7,80.25,SL,-11.55,13.5,13.1,-0.4,
323,Strategy B,2025-05-07,PE,24350,11:13,15:29,35368,35624,66.9,45.95,EOD,20.95,10.1,9.0,-1.1,
324,Strategy B,2025-05-08,CE,24400,09:23,15:29,35633,35999,23.3,0.05,EOD,23.25,1.0,0.05,-0.95,
325,Strategy B,2025-05-08,PE,24400,10:21,13:24,35691,35874,33.35,43.35,SL,-10.0,1.95,1.0,-0.95,
326,Strategy B,2025-05-09,CE,24400,09:35,09:40,36020,36025,92.15,107.0,SL,-14.85,3.25,3.35,0.1,
327,Strategy B,2025-05-09,CE,24400,09:51,10:16,36036,36061,89.25,104.05,SL,-14.8,3.05,2.9,-0.15,
328,Strategy B,2025-05-09,CE,24400,10:29,11:30,36074,36135,91.2,101.2,SL,-10.0,2.8,2.15,-0.65,
329,Strategy B,2025-05-09,PE,23550,09:27,09:33,36012,36018,133.69,148.69,SL,-15.0,64.3,73.7,9.4,
330,Strategy B,2025-05-09,PE,23550,09:41,10:01,36026,36046,135.65,146.5,SL,-10.85,61.5,60.0,-1.5,
331,Strategy B,2025-05-09,PE,23550,10:17,10:20,36062,36065,128.9,140.9,SL,-12.0,49.75,57.8,8.05,
332,Strategy B,2025-05-12,PE,24500,09:21,09:23,36381,36383,114.9,124.9,SL,-10.0,13.6,11.85,-1.75,
333,Strategy B,2025-05-12,PE,24500,09:29,15:29,36389,36749,104.8,71.15,EOD,33.65,12.45,10.55,-1.9,
334,Strategy B,2025-05-13,CE,25100,09:23,15:29,36758,37124,74.2,18.35,EOD,55.85,2.9,1.7,-1.2,
335,Strategy B,2025-05-14,CE,24650,10:53,15:29,37223,37499,125.55,93.2,EOD,32.35,1.35,1.2,-0.15,
336,Strategy B,2025-05-14,PE,24600,09:27,09:34,37137,37144,90.0,100.0,SL,-10.0,2.29,2.0,-0.29,
337,Strategy B,2025-05-14,PE,24600,09:43,09:52,37153,37162,67.8,82.8,SL,-15.0,2.15,1.65,-0.5,
338,Strategy B,2025-05-14,PE,24600,09:57,11:46,37167,37276,68.0,82.05,SL,-14.05,1.6,1.35,-0.25,
339,Strategy B,2025-05-15,CE,24650,09:21,10:17,37506,37562,50.65,60.65,SL,-10.0,0.95,0.6,-0.35,
340,Strategy B,2025-05-15,CE,24650,12:49,12:51,37714,37716,56.15,68.3,SL,-12.15,0.5,0.5,0.0,
341,Strategy B,2025-05-15,PE,24650,10:39,11:11,37584,37616,100.3,100.3,SL,0.0,0.9,0.9,0.0,
342,Strategy B,2025-05-15,PE,24650,12:17,12:20,37682,37685,68.59,83.59,SL,-15.0,0.5,0.45,-0.05,
343,Strategy B,2025-05-15,PE,24650,12:37,15:29,37702,37874,81.55,0.05,EOD,81.5,0.5,0.05,-0.45,
344,Strategy B,2025-05-16,CE,25250,09:29,09:30,37889,37890,93.05,106.95,SL,-13.9,3.85,4.3,0.45,
345,Strategy B,2025-05-16,CE,25250,09:41,09:42,37901,37902,89.1,99.85,SL,-10.75,4.09,4.3,0.21,
346,Strategy B,2025-05-16,CE,25250,09:47,10:04,37907,37924,91.75,102.25,SL,-10.5,4.05,4.2,0.15,
347,Strategy B,2025-05-16,PE,24850,10:21,10:23,37941,37943,111.9,121.9,SL,-10.0,12.25,13.3,1.05,
348,Strategy B,2025-05-16,PE,24850,12:33,15:29,38073,38249,113.55,109.15,EOD,4.4,11.3,11.05,-0.25,
349,Strategy B,2025-05-19,CE,25150,09:53,10:08,38288,38303,102.6,113.15,SL,-10.55,3.3,3.2,-0.1,
350,Strategy B,2025-05-19,CE,25150,11:29,15:29,38384,38624,110.65,70.5,EOD,40.15,2.95,2.85,-0.1,
351,Strategy B,2025-05-19,PE,24850,09:51,12:02,38286,38417,98.45,108.45,SL,-10.0,6.9,6.05,-0.85,
352,Strategy B,2025-05-19,PE,24850,12:25,14:00,38440,38535,96.6,106.6,SL,-10.0,5.95,5.65,-0.3,
353,Strategy B,2025-05-20,CE,25050,09:21,15:29,38631,38999,97.25,34.54,EOD,62.71,3.0,2.0,-1.0,
354,Strategy B,2025-05-20,PE,24950,10:47,10:53,38717,38723,116.05,131.05,SL,-15.0,5.09,5.35,0.26,
355,Strategy B,2025-05-20,PE,24950,11:01,11:04,38731,38734,128.15,140.75,SL,-12.6,5.4,5.3,-0.1,
356,Strategy B,2025-05-21,CE,24700,12:11,12:21,39176,39186,154.4,154.4,SL,0.0,2.1,1.9,-0.2,
357,Strategy B,2025-05-21,CE,24700,12:27,12:28,39192,39193,129.75,144.75,SL,-15.0,1.85,1.8,-0.05,
358,Strategy B,2025-05-21,CE,24700,12:53,12:59,39218,39224,158.8,168.8,SL,-10.0,2.04,2.0,-0.04,
359,Strategy B,2025-05-21,PE,24700,09:39,12:09,39024,39174,76.2,76.2,SL,0.0,1.55,1.3,-0.25,
360,Strategy B,2025-05-21,PE,24700,15:01,15:12,39346,39357,67.4,77.45,SL,-10.05,1.2,1.0,-0.2,
361,Strategy B,2025-05-21,PE,24700,15:19,15:24,39364,39369,69.4,79.4,SL,-10.0,1.0,0.95,-0.05,
362,Strategy B,2025-05-22,CE,24700,09:21,15:29,39381,39749,72.09,0.05,EOD,72.04,1.85,0.05,-1.8,
363,Strategy B,2025-05-22,PE,24700,10:01,10:05,39421,39425,129.65,144.65,SL,-15.0,1.2,1.14,-0.06,
364,Strategy B,2025-05-22,PE,24700,10:13,10:27,39433,39447,137.85,152.3,SL,-14.45,1.14,1.2,0.06,
365,Strategy B,2025-05-22,PE,24700,10:37,10:49,39457,39469,119.1,134.1,SL,-15.0,1.35,1.2,-0.15,
366,Strategy B,2025-05-23,PE,24450,09:25,15:29,39760,40124,86.9,67.25,EOD,19.65,6.35,6.25,-0.1,
367,Strategy B,2025-05-26,CE,25250,10:27,11:17,40197,40247,102.35,117.35,SL,-15.0,2.29,2.15,-0.14,
368,Strategy B,2025-05-26,CE,25250,11:29,11:56,40259,40286,105.9,116.75,SL,-10.85,2.1,2.04,-0.06,
369,Strategy B,2025-05-26,CE,25250,12:13,13:55,40303,40405,110.3,120.3,SL,-10.0,2.04,2.0,-0.04,
370,Strategy B,2025-05-26,PE,24800,09:21,10:26,40131,40196,111.0,121.0,SL,-10.0,7.45,8.3,0.85,
371,Strategy B,2025-05-26,PE,24800,14:13,14:21,40423,40431,116.1,126.1,SL,-10.0,7.55,8.0,0.45,
372,Strategy B,2025-05-26,PE,24800,14:43,15:29,40453,40499,115.7,112.5,EOD,3.2,6.9,7.0,0.1,
373,Strategy B,2025-05-27,CE,25150,09:51,11:04,40536,40609,84.55,94.55,SL,-10.0,1.9,1.6,-0.3,
374,Strategy B,2025-05-27,CE,25150,12:53,15:29,40718,40874,103.65,76.45,EOD,27.2,2.1,1.7,-0.4,
375,Strategy B,2025-05-27,PE,24700,11:03,13:59,40608,40784,143.69,143.69,SL,0.0,5.3,3.95,-1.35,
376,Strategy B,2025-05-27,PE,24700,14:57,15:29,40842,40874,124.65,108.55,EOD,16.1,3.2,2.85,-0.35,
377,Strategy B,2025-05-28,CE,25050,09:29,15:29,40889,41249,91.45,30.0,EOD,61.45,1.9,1.35,-0.55,
378,Strategy B,2025-05-28,PE,24650,09:45,09:51,40905,40911,82.85,97.85,SL,-15.0,1.5,1.5,0.0,
379,Strategy B,2025-05-28,PE,24650,10:01,10:06,40921,40926,92.2,102.2,SL,-10.0,1.4,1.4,0.0,
380,Strategy B,2025-05-28,PE,24650,10:13,10:15,40933,40935,89.7,99.7,SL,-10.0,1.5,1.5,0.0,
381,Strategy B,2025-05-29,CE,24900,09:27,10:02,41262,41297,26.75,36.75,SL,-10.0,1.85,1.25,-0.6,
382,Strategy B,2025-05-29,CE,24900,10:15,15:29,41310,41624,26.05,0.1,EOD,25.95,1.0,0.05,-0.95,
383,Strategy B,2025-05-29,PE,24900,10:07,10:11,41302,41306,86.25,101.25,SL,-15.0,1.35,1.14,-0.21,
384,Strategy B,2025-05-29,PE,24900,15:07,15:29,41602,41624,91.6,65.5,EOD,26.1,0.2,0.05,-0.15,
385,Strategy B,2025-05-30,CE,25050,09:55,15:29,41665,41999,118.1,101.35,EOD,16.75,3.95,2.95,-1.0,
386,Strategy B,2025-05-30,PE,24600,13:39,14:14,41889,41924,116.4,126.4,SL,-10.0,4.65,4.9,0.25,
387,Strategy B,2025-05-30,PE,24600,14:31,15:01,41941,41971,111.2,121.2,SL,-10.0,4.45,4.59,0.14,
388,Strategy B,2025-06-02,CE,24850,09:21,10:29,42006,42074,95.6,110.6,SL,-15.0,3.95,3.35,-0.6,
389,Strategy B,2025-06-02,PE,24350,09:31,09:31,42016,42016,104.15,114.75,SL,-10.6,3.4,3.5,0.1,
390,Strategy B,2025-06-02,PE,24350,09:39,15:29,42024,42374,102.3,81.95,EOD,20.35,2.95,2.85,-0.1,
391,Strategy B,2025-06-03,CE,25000,09:23,09:38,42383,42398,94.0,109.0,SL,-15.0,2.35,1.9,-0.45,
392,Strategy B,2025-06-03,CE,25000,09:59,10:16,42419,42436,90.35,100.35,SL,-10.0,1.95,1.95,0.0,
393,Strategy B,2025-06-03,CE,25000,10:41,15:29,42461,42749,85.95,27.25,EOD,58.7,1.8,1.3,-0.5,
394,Strategy B,2025-06-03,PE,24500,09:53,09:54,42413,42414,121.9,133.5,SL,-11.6,3.0,3.05,0.05,
395,Strategy B,2025-06-03,PE,24500,10:19,10:39,42439,42459,119.55,131.0,SL,-11.45,2.95,2.75,-0.2,
396,Strategy B,2025-06-03,PE,24500,10:57,10:59,42477,42479,120.95,130.95,SL,-10.0,2.95,2.85,-0.1,
397,Strategy B,2025-06-04,CE,24600,09:35,10:34,42770,42829,81.2,93.5,SL,-12.3,1.55,1.3,-0.25,
398,Strategy B,2025-06-04,CE,24600,11:17,11:24,42872,42879,77.65,87.65,SL,-10.0,1.2,1.25,0.05,
399,Strategy B,2025-06-04,CE,24600,11:49,12:13,42904,42928,80.85,90.85,SL,-10.0,1.25,1.15,-0.1,
400,Strategy B,2025-06-04,PE,24600,10:03,15:29,42798,43124,99.8,72.75,EOD,27.05,1.0,1.05,0.05,
401,Strategy B,2025-06-05,CE,24650,10:53,11:01,43223,43231,60.4,71.35,SL,-10.95,0.4,0.45,0.05,
402,Strategy B,2025-06-05,CE,24650,14:11,14:14,43421,43424,57.6,72.6,SL,-15.0,0.2,0.25,0.05,
403,Strategy B,2025-06-05,PE,24650,09:25,15:29,43135,43499,46.55,0.1,EOD,46.45,0.7,0.05,-0.65,
404,Strategy B,2025-06-06,CE,24900,09:35,10:06,43520,43551,99.6,109.6,SL,-10.0,3.2,3.5,0.3,
405,Strategy B,2025-06-06,PE,24600,10:21,15:29,43566,43874,99.2,43.55,EOD,55.65,4.15,3.85,-0.3,
406,Strategy B,2025-06-09,CE,25250,09:25,09:27,43885,43887,89.7,99.7,SL,-10.0,1.85,1.95,0.1,
407,Strategy B,2025-06-09,CE,25250,09:41,09:44,43901,43904,85.4,95.4,SL,-10.0,1.75,1.85,0.1,
408,Strategy B,2025-06-09,CE,25250,11:09,15:29,43989,44249,88.7,74.75,EOD,13.95,1.4,1.5,0.1,
409,Strategy B,2025-06-09,PE,25050,10:15,15:29,43935,44249,122.7,108.0,EOD,14.7,4.2,4.1,-0.1,
410,Strategy B,2025-06-10,CE,25150,10:33,10:37,44328,44332,94.4,104.4,SL,-10.0,1.25,1.3,0.05,
411,Strategy B,2025-06-10,CE,25150,10:47,15:29,44342,44624,98.3,58.35,EOD,39.95,1.25,1.1,-0.15,
412,Strategy B,2025-06-10,PE,25100,09:27,09:29,44262,44264,89.1,104.1,SL,-15.0,2.75,3.1,0.35,
413,Strategy B,2025-06-10,PE,25100,09:53,15:03,44288,44598,96.5,96.5,SL,0.0,2.75,2.25,-0.5,
414,Strategy B,2025-06-11,CE,25100,13:55,13:57,44905,44907,87.3,98.7,SL,-11.4,0.85,0.85,0.0,
415,Strategy B,2025-06-11,CE,25100,14:05,14:22,44915,44932,96.0,106.0,SL,-10.0,0.9,0.85,-0.05,
416,Strategy B,2025-06-11,CE,25100,14:39,15:29,44949,44999,96.4,83.0,EOD,13.4,0.85,0.75,-0.1,
417,Strategy B,2025-06-11,PE,25100,09:33,13:52,44643,44902,67.9,67.9,SL,0.0,1.1,0.95,-0.15,
418,Strategy B,2025-06-12,CE,25150,09:45,15:29,45030,45374,40.85,0.05,EOD,40.8,0.65,0.05,-0.6,
419,Strategy B,2025-06-12,PE,25150,09:25,09:38,45010,45023,46.4,57.8,SL,-11.4,0.65,0.65,0.0,
420,Strategy B,2025-06-13,CE,24800,09:49,09:50,45409,45410,98.6,112.7,SL,-14.1,3.4,3.5,0.1,
421,Strategy B,2025-06-13,CE,24800,11:17,11:31,45497,45511,110.8,120.8,SL,-10.0,3.45,3.7,0.25,
422,Strategy B,2025-06-13,CE,24800,13:19,13:32,45619,45632,115.1,125.1,SL,-10.0,3.4,3.35,-0.05,
423,Strategy B,2025-06-13,PE,24350,09:27,09:34,45387,45394,95.8,110.8,SL,-15.0,12.25,14.2,1.95,
424,Strategy B,2025-06-13,PE,24350,09:51,14:57,45411,45717,91.6,91.6,SL,0.0,12.05,13.05,1.0,
425,Strategy B,2025-06-13,PE,24350,15:05,15:29,45725,45749,75.45,73.95,EOD,1.5,10.75,11.8,1.05,
426,Strategy B,2025-06-16,CE,24850,09:35,10:26,45770,45821,108.3,120.9,SL,-12.6,2.0,1.75,-0.25,
427,Strategy B,2025-06-16,PE,24700,09:23,09:46,45758,45781,108.1,118.1,SL,-10.0,7.95,8.2,0.25,
428,Strategy B,2025-06-16,PE,24700,10:17,15:29,45812,46124,104.2,59.5,EOD,44.7,7.0,8.15,1.15,
429,Strategy B,2025-06-17,CE,24950,09:23,15:29,46133,46499,93.4,56.45,EOD,36.95,1.55,1.05,-0.5,
430,Strategy B,2025-06-17,PE,24900,10:33,12:15,46203,46305,120.65,130.7,SL,-10.05,5.8,5.55,-0.25,
431,Strategy B,2025-06-17,PE,24900,14:19,14:36,46429,46446,119.6,129.6,SL,-10.0,5.7,6.15,0.45,
432,Strategy B,2025-06-18,CE,24850,10:31,15:29,46576,46874,101.45,53.55,EOD,47.9,0.85,1.0,0.15,
433,Strategy B,2025-06-18,PE,24850,09:23,10:52,46508,46597,95.95,95.95,SL,0.0,2.5,1.75,-0.75,
434,Strategy B,2025-06-19,CE,24800,10:37,10:46,46957,46966,39.4,52.3,SL,-12.9,1.25,1.0,-0.25,
435,Strategy B,2025-06-19,CE,24800,10:53,14:00,46973,47160,46.55,46.55,SL,0.0,1.1,0.35,-0.75,
436,Strategy B,2025-06-19,CE,24800,14:37,15:29,47197,47249,28.55,0.05,EOD,28.5,0.3,0.05,-0.25,
437,Strategy B,2025-06-19,PE,24800,09:27,15:29,46887,47249,44.1,6.3,EOD,37.8,0.8,0.05,-0.75,
438,Strategy B,2025-06-20,CE,25000,09:33,09:42,47268,47277,88.65,98.95,SL,-10.3,1.9,2.0,0.1,
439,Strategy B,2025-06-20,PE,24750,09:43,15:29,47278,47624,104.5,58.95,EOD,45.55,8.95,10.3,1.35,
440,Strategy B,2025-06-23,CE,25050,09:25,11:25,47635,47755,87.35,97.35,SL,-10.0,1.7,1.55,-0.15,
441,Strategy B,2025-06-23,CE,25050,15:25,15:29,47995,47999,98.9,99.3,EOD,-0.4,1.5,1.55,0.05,
442,Strategy B,2025-06-23,PE,24900,10:35,15:29,47705,47999,143.05,99.2,EOD,43.85,8.3,7.15,-1.15,
443,Strategy B,2025-06-24,CE,25300,09:37,09:57,48022,48042,69.3,82.25,SL,-12.95,1.45,1.25,-0.2,
444,Strategy B,2025-06-24,CE,25300,13:13,15:29,48238,48374,91.55,31.7,EOD,59.85,0.95,1.05,0.1,
445,Strategy B,2025-06-24,PE,25200,10:03,10:41,48048,48086,107.85,117.85,SL,-10.0,4.85,4.65,-0.2,
446,Strategy B,2025-06-24,PE,25200,10:59,12:40,48104,48205,98.05,98.05,SL,0.0,4.5,4.2,-0.3,
447,Strategy B,2025-06-24,PE,25200,12:53,13:00,48218,48225,73.3,88.3,SL,-15.0,4.25,4.25,0.0,
448,Strategy B,2025-06-25,PE,25150,09:33,15:29,48393,48749,65.05,33.2,EOD,31.85,1.55,2.25,0.7,
449,Strategy B,2025-06-26,CE,25300,10:59,11:01,48854,48856,87.4,98.0,SL,-10.6,0.4,0.35,-0.05,
450,Strategy B,2025-06-26,PE,25300,09:29,10:41,48764,48836,40.25,50.25,SL,-10.0,1.85,1.0,-0.85,
451,Strategy B,2025-06-26,PE,25300,12:17,12:47,48932,48962,25.15,35.15,SL,-10.0,0.65,0.5,-0.15,
452,Strategy B,2025-06-26,PE,25300,13:17,15:29,48992,49124,24.25,0.15,EOD,24.1,0.55,0.05,-0.5,
453,Strategy B,2025-06-27,CE,25700,09:31,10:55,49141,49225,102.55,116.6,SL,-14.05,2.05,1.7,-0.35,
454,Strategy B,2025-06-27,PE,25500,10:11,10:36,49181,49206,119.7,129.7,SL,-10.0,7.45,7.5,0.05,
455,Strategy B,2025-06-27,PE,25500,10:45,15:29,49215,49499,114.7,77.45,EOD,37.25,7.1,5.55,-1.55,
456,Strategy B,2025-06-30,CE,25700,09:35,15:29,49520,49874,100.55,61.0,EOD,39.55,1.55,1.65,0.1,
457,Strategy B,2025-07-01,CE,25550,10:09,15:29,49929,50249,116.2,93.7,EOD,22.5,1.5,0.85,-0.65,
458,Strategy B,2025-07-01,PE,25500,09:27,15:29,49887,50249,84.35,62.65,EOD,21.7,2.0,1.25,-0.75,
459,Strategy B,2025-07-02,CE,25600,09:29,15:29,50264,50624,67.2,21.65,EOD,45.55,0.8,0.65,-0.15,
460,Strategy B,2025-07-03,CE,25500,09:29,09:45,50639,50655,26.35,40.4,SL,-14.05,0.6,0.5,-0.1,
461,Strategy B,2025-07-03,CE,25500,11:49,12:41,50779,50831,34.2,45.5,SL,-11.3,0.3,0.35,0.05,
462,Strategy B,2025-07-03,CE,25500,12:59,13:34,50849,50884,33.2,44.5,SL,-11.3,0.3,0.25,-0.05,
463,Strategy B,2025-07-03,PE,25500,09:51,11:42,50661,50772,39.95,49.95,SL,-10.0,0.65,0.35,-0.3,
464,Strategy B,2025-07-03,PE,25500,12:09,12:16,50799,50806,26.4,36.4,SL,-10.0,0.35,0.3,-0.05,
465,Strategy B,2025-07-03,PE,25500,12:43,12:53,50833,50843,25.5,35.5,SL,-10.0,0.25,0.3,0.05,
466,Strategy B,2025-07-04,CE,25550,09:37,09:53,51022,51038,86.95,96.95,SL,-10.0,1.85,1.7,-0.15,
467,Strategy B,2025-07-04,CE,25550,10:09,14:36,51054,51321,90.5,90.5,SL,0.0,1.55,1.45,-0.1,
468,Strategy B,2025-07-04,PE,25350,10:39,11:35,51084,51140,107.35,117.35,SL,-10.0,4.4,4.55,0.15,
469,Strategy B,2025-07-04,PE,25350,13:51,15:29,51276,51374,121.5,83.8,EOD,37.7,4.4,4.2,-0.2,
470,Strategy B,2025-07-07,CE,25450,10:27,10:33,51447,51453,117.2,127.2,SL,-10.0,1.3,1.4,0.1,
471,Strategy B,2025-07-07,CE,25450,10:39,10:45,51459,51465,118.4,128.4,SL,-10.0,1.3,1.3,0.0,
472,Strategy B,2025-07-07,CE,25450,11:33,15:29,51513,51749,125.0,125.8,EOD,-0.8,1.4,1.25,-0.15,
473,Strategy B,2025-07-07,PE,25400,09:35,10:08,51395,51428,84.0,99.0,SL,-15.0,3.05,2.95,-0.1,
474,Strategy B,2025-07-07,PE,25400,10:43,12:02,51463,51542,88.4,98.4,SL,-10.0,2.4,2.4,0.0,
475,Strategy B,2025-07-07,PE,25400,12:29,12:59,51569,51599,87.05,97.05,SL,-10.0,2.45,2.55,0.1,
476,Strategy B,2025-07-08,CE,25450,09:59,15:00,51794,52095,110.75,120.75,SL,-10.0,1.05,0.8,-0.25,
477,Strategy B,2025-07-08,PE,25450,09:25,15:29,51760,52124,85.2,47.25,EOD,37.95,2.1,1.75,-0.35,
478,Strategy B,2025-07-09,CE,25500,09:29,09:35,52139,52145,68.45,78.45,SL,-10.0,0.7,0.7,0.0,
479,Strategy B,2025-07-09,CE,25500,09:41,09:56,52151,52166,69.8,79.8,SL,-10.0,0.65,0.7,0.05,
480,Strategy B,2025-07-09,CE,25500,14:25,15:29,52435,52499,75.05,57.15,EOD,17.9,0.75,0.7,-0.05,
481,Strategy B,2025-07-09,PE,25500,09:53,14:31,52163,52441,64.0,74.0,SL,-10.0,1.05,0.85,-0.2,
482,Strategy B,2025-07-10,CE,25500,09:23,15:29,52508,52874,30.05,0.05,EOD,30.0,0.65,0.05,-0.6,
483,Strategy B,2025-07-11,CE,25350,10:01,15:29,52921,53249,102.45,57.2,EOD,45.25,1.95,1.7,-0.25,
484,Strategy B,2025-07-11,PE,25250,09:23,10:04,52883,52924,100.65,110.65,SL,-10.0,3.95,4.25,0.3,
485,Strategy B,2025-07-14,CE,25100,09:23,09:51,53258,53286,111.55,126.55,SL,-15.0,2.0,1.95,-0.05,
486,Strategy B,2025-07-14,CE,25100,10:41,10:56,53336,53351,112.3,122.3,SL,-10.0,1.85,1.8,-0.05,
487,Strategy B,2025-07-14,CE,25100,11:09,14:53,53364,53588,105.0,115.0,SL,-10.0,1.75,1.95,0.2,
488,Strategy B,2025-07-14,PE,25100,09:51,11:12,53286,53367,105.9,115.9,SL,-10.0,3.25,2.75,-0.5,
489,Strategy B,2025-07-14,PE,25100,14:45,15:29,53580,53624,110.2,86.5,EOD,23.7,2.45,2.45,0.0,
490,Strategy B,2025-07-15,CE,25150,09:37,10:42,53647,53712,83.6,95.3,SL,-11.7,1.45,1.4,-0.05,
491,Strategy B,2025-07-15,CE,25150,14:53,15:00,53963,53970,93.55,103.55,SL,-10.0,1.2,1.2,0.0,
492,Strategy B,2025-07-15,PE,25150,10:31,15:29,53701,53999,84.05,35.8,EOD,48.25,1.45,1.2,-0.25,
493,Strategy B,2025-07-16,CE,25200,09:23,11:53,54008,54158,47.55,57.55,SL,-10.0,0.75,0.65,-0.1,
494,Strategy B,2025-07-16,PE,25200,11:43,15:29,54148,54374,82.7,43.0,EOD,39.7,0.8,0.95,0.15,
495,Strategy B,2025-07-17,CE,25200,09:31,15:29,54391,54749,37.5,0.1,EOD,37.4,0.65,0.05,-0.6,
496,Strategy B,2025-07-17,PE,25200,11:29,14:11,54509,54671,31.85,41.85,SL,-10.0,0.55,0.25,-0.3,
497,Strategy B,2025-07-18,CE,25150,09:27,15:29,54762,55124,101.0,72.25,EOD,28.75,1.75,1.75,0.0,
498,Strategy B,2025-07-21,CE,24950,09:27,09:40,55137,55150,93.3,107.1,SL,-13.8,2.05,1.9,-0.15,
499,Strategy B,2025-07-21,PE,24950,09:47,15:29,55157,55499,96.7,36.4,EOD,60.3,2.3,1.75,-0.55,
500,Strategy B,2025-07-22,CE,25150,09:35,09:47,55520,55532,70.9,80.9,SL,-10.0,1.25,1.15,-0.1,
501,Strategy B,2025-07-22,CE,25150,09:55,15:29,55540,55874,69.1,41.0,EOD,28.1,1.1,0.6,-0.5,
502,Strategy B,2025-07-22,PE,25150,12:31,13:25,55696,55750,94.8,104.8,SL,-10.0,1.55,1.45,-0.1,
503,Strategy B,2025-07-22,PE,25150,14:07,14:17,55792,55802,93.1,103.1,SL,-10.0,1.5,1.5,0.0,
504,Strategy B,2025-07-23,CE,25150,09:29,11:03,55889,55983,48.9,58.9,SL,-10.0,0.7,0.65,-0.05,
505,Strategy B,2025-07-23,PE,25150,10:47,15:29,55967,56249,70.55,22.15,EOD,48.4,0.8,1.15,0.35,
506,Strategy B,2025-07-24,CE,25200,09:21,15:29,56256,56624,41.2,0.05,EOD,41.15,0.65,0.05,-0.6,
507,Strategy B,2025-07-25,CE,25000,09:21,09:28,56631,56638,98.15,108.15,SL,-10.0,2.4,2.45,0.05,
508,Strategy B,2025-07-25,CE,25000,09:49,09:50,56659,56660,97.25,107.25,SL,-10.0,2.2,2.2,0.0,
509,Strategy B,2025-07-25,CE,25000,10:07,15:29,56677,56999,100.25,64.5,EOD,35.75,2.05,2.65,0.6,
510,Strategy B,2025-07-25,PE,24950,09:39,09:41,56649,56651,104.05,116.15,SL,-12.1,3.8,4.1,0.3,
511,Strategy B,2025-07-28,CE,24750,11:09,11:24,57114,57129,153.25,164.2,SL,-10.95,2.5,2.5,0.0,
512,Strategy B,2025-07-28,CE,24750,12:05,15:29,57170,57374,151.95,88.0,EOD,63.95,2.5,2.8,0.3,
513,Strategy B,2025-07-28,PE,24750,09:27,12:44,57012,57209,89.4,89.4,SL,0.0,2.75,2.15,-0.6,
514,Strategy B,2025-07-29,CE,24650,10:17,11:17,57437,57497,113.95,128.95,SL,-15.0,2.85,3.7,0.85,
515,Strategy B,2025-07-29,CE,24650,12:03,12:09,57543,57549,113.1,123.1,SL,-10.0,3.15,3.25,0.1,
516,Strategy B,2025-07-29,PE,24650,09:31,09:35,57391,57395,68.95,78.95,SL,-10.0,2.3,2.0,-0.3,
517,Strategy B,2025-07-29,PE,24650,09:45,10:13,57405,57433,68.95,78.95,SL,-10.0,2.05,2.05,0.0,
518,Strategy B,2025-07-29,PE,24650,11:19,15:29,57499,57749,69.8,20.3,EOD,49.5,2.5,1.15,-1.35,
519,Strategy B,2025-07-30,CE,24850,09:25,09:30,57760,57765,61.8,71.8,SL,-10.0,0.9,0.85,-0.05,
520,Strategy B,2025-07-30,CE,24850,09:53,09:57,57788,57792,59.35,69.35,SL,-10.0,0.85,0.8,-0.05,
521,Strategy B,2025-07-30,CE,24850,10:27,11:13,57822,57868,55.2,65.7,SL,-10.5,0.8,0.85,0.05,
522,Strategy B,2025-07-30,PE,24850,09:37,09:47,57772,57782,60.7,75.15,SL,-14.45,1.25,1.2,-0.05,
523,Strategy B,2025-07-30,PE,24850,10:21,10:24,57816,57819,65.45,75.45,SL,-10.0,1.2,1.15,-0.05,
524,Strategy B,2025-07-30,PE,24850,11:15,15:29,57870,58124,66.45,51.65,EOD,14.8,1.1,0.95,-0.15,
525,Strategy B,2025-07-31,CE,24650,10:01,10:45,58171,58215,56.3,71.3,SL,-15.0,1.35,1.25,-0.1,
526,Strategy B,2025-07-31,PE,24650,09:25,10:00,58135,58170,36.4,50.0,SL,-13.6,1.4,1.35,-0.05,
527,Strategy B,2025-07-31,PE,24650,10:45,15:29,58215,58499,28.5,0.05,EOD,28.45,1.35,0.05,-1.3,
528,Strategy B,2025-08-01,CE,24800,09:29,09:33,58514,58518,100.9,112.9,SL,-12.0,2.15,2.25,0.1,
529,Strategy B,2025-08-01,CE,24800,09:59,10:03,58544,58548,105.15,115.15,SL,-10.0,2.25,2.3,0.05,
530,Strategy B,2025-08-01,CE,24800,11:15,15:29,58620,58874,109.9,60.55,EOD,49.35,2.2,1.7,-0.5,
531,Strategy B,2025-08-01,PE,24600,10:11,11:13,58556,58618,88.9,98.9,SL,-10.0,4.55,4.5,-0.05,
532,Strategy B,2025-08-04,CE,24700,09:49,09:49,58909,58909,90.4,100.4,SL,-10.0,1.8,1.75,-0.05,
533,Strategy B,2025-08-04,PE,24600,09:25,09:43,58885,58903,109.0,119.95,SL,-10.95,3.35,3.45,0.1,
534,Strategy B,2025-08-04,PE,24600,10:19,10:27,58939,58947,111.05,121.05,SL,-10.0,3.2,3.15,-0.05,
535,Strategy B,2025-08-04,PE,24600,10:41,10:48,58961,58968,109.45,119.45,SL,-10.0,2.9,3.0,0.1,
536,Strategy B,2025-08-05,CE,24700,09:33,15:29,59268,59624,92.9,70.25,EOD,22.65,1.05,0.6,-0.45,
537,Strategy B,2025-08-05,PE,24700,12:21,12:31,59436,59446,114.85,124.85,SL,-10.0,1.6,1.55,-0.05,
538,Strategy B,2025-08-05,PE,24700,12:43,13:01,59458,59476,121.15,131.15,SL,-10.0,1.45,1.5,0.05,
539,Strategy B,2025-08-05,PE,24700,15:07,15:29,59602,59624,118.25,110.5,EOD,7.75,1.45,1.25,-0.2,
540,Strategy B,2025-08-06,CE,24650,09:39,09:52,59649,59662,83.1,93.1,SL,-10.0,0.85,0.8,-0.05,
541,Strategy B,2025-08-06,CE,24650,10:27,15:29,59697,59999,63.85,44.25,EOD,19.6,0.7,0.7,0.0,
542,Strategy B,2025-08-06,PE,24650,10:23,10:26,59693,59696,77.65,88.8,SL,-11.15,1.1,1.1,0.0,
543,Strategy B,2025-08-06,PE,24650,12:23,12:39,59813,59829,80.4,93.45,SL,-13.05,1.1,0.95,-0.15,
544,Strategy B,2025-08-06,PE,24650,12:47,12:51,59837,59841,85.7,95.7,SL,-10.0,0.95,0.85,-0.1,
545,Strategy B,2025-08-07,CE,24500,09:43,14:52,60028,60337,48.25,48.25,SL,0.0,1.0,0.05,-0.95,
546,Strategy B,2025-08-07,PE,24500,09:29,09:58,60014,60043,34.2,44.2,SL,-10.0,0.85,0.85,0.0,
547,Strategy B,2025-08-07,PE,24500,14:23,14:24,60308,60309,30.3,45.3,SL,-15.0,0.25,0.2,-0.05,
548,Strategy B,2025-08-07,PE,24500,14:35,15:29,60320,60374,36.0,0.05,EOD,35.95,0.2,0.05,-0.15,
549,Strategy B,2025-08-08,CE,24600,09:27,15:29,60387,60749,119.7,56.5,EOD,63.2,1.7,1.7,0.0,
550,Strategy B,2025-08-11,CE,24450,09:49,09:54,60784,60789,101.6,111.6,SL,-10.0,1.7,1.65,-0.05,
551,Strategy B,2025-08-11,CE,24450,11:45,12:01,60900,60916,113.05,123.05,SL,-10.0,1.4,1.45,0.05,
552,Strategy B,2025-08-11,PE,24400,09:23,09:30,60758,60765,109.1,119.1,SL,-10.0,2.7,2.75,0.05,
553,Strategy B,2025-08-11,PE,24400,10:01,10:11,60796,60806,103.4,113.4,SL,-10.0,2.75,2.75,0.0,
554,Strategy B,2025-08-11,PE,24400,10:25,15:29,60820,61124,90.95,45.4,EOD,45.55,2.65,2.65,0.0,
555,Strategy B,2025-08-12,CE,24550,10:45,11:18,61215,61248,123.6,123.6,SL,0.0,1.1,1.15,0.05,
556,Strategy B,2025-08-12,CE,24550,11:27,12:19,61257,61309,106.75,119.85,SL,-13.1,1.1,1.15,0.05,
557,Strategy B,2025-08-12,CE,24550,13:15,13:58,61365,61408,117.0,127.0,SL,-10.0,1.0,1.05,0.05,
558,Strategy B,2025-08-12,PE,24550,09:23,10:31,61133,61201,72.1,72.1,SL,0.0,2.15,1.8,-0.35,
559,Strategy B,2025-08-12,PE,24550,12:25,12:57,61315,61347,52.65,62.65,SL,-10.0,1.9,1.8,-0.1,
560,Strategy B,2025-08-12,PE,24550,13:03,13:15,61353,61365,52.75,62.75,SL,-10.0,1.75,1.8,0.05,
561,Strategy B,2025-08-13,CE,24600,10:47,10:50,61592,61595,64.15,74.4,SL,-10.25,0.8,0.8,0.0,
562,Strategy B,2025-08-13,CE,24600,11:27,12:22,61632,61687,69.5,79.5,SL,-10.0,0.8,0.75,-0.05,
563,Strategy B,2025-08-13,PE,24600,09:41,12:00,61526,61665,74.7,84.7,SL,-10.0,1.1,1.05,-0.05,
564,Strategy B,2025-08-13,PE,24600,12:23,15:29,61688,61874,58.0,37.6,EOD,20.4,1.15,1.2,0.05,
565,Strategy B,2025-08-14,CE,24650,10:53,15:29,61973,62249,40.35,0.05,EOD,40.3,0.6,0.05,-0.55,
566,Strategy B,2025-08-14,PE,24650,09:43,10:00,61903,61920,39.45,54.45,SL,-15.0,1.05,1.0,-0.05,
567,Strategy B,2025-08-14,PE,24650,10:27,11:41,61947,62021,37.95,47.95,SL,-10.0,0.85,0.85,0.0,
568,Strategy B,2025-08-14,PE,24650,12:09,14:17,62049,62177,38.8,48.8,SL,-10.0,0.65,0.35,-0.3,
569,Strategy B,2025-08-18,CE,25000,10:35,10:41,62330,62336,127.0,137.0,SL,-10.0,1.75,1.7,-0.05,
570,Strategy B,2025-08-18,CE,25000,10:49,15:29,62344,62624,128.5,79.4,EOD,49.1,1.65,1.2,-0.45,
571,Strategy B,2025-08-18,PE,24900,09:21,12:08,62256,62423,97.0,109.85,SL,-12.85,3.25,2.6,-0.65,
572,Strategy B,2025-08-18,PE,24900,13:09,14:00,62484,62535,84.9,94.9,SL,-10.0,2.5,2.55,0.05,
573,Strategy B,2025-08-18,PE,24900,14:07,15:09,62542,62604,87.85,97.85,SL,-10.0,2.5,2.55,0.05,
574,Strategy B,2025-08-19,CE,24900,09:37,10:13,62647,62683,98.6,108.6,SL,-10.0,1.25,1.1,-0.15,
575,Strategy B,2025-08-19,PE,24900,09:59,15:29,62669,62999,74.0,37.5,EOD,36.5,1.7,1.35,-0.35,
576,Strategy B,2025-08-20,CE,24950,09:29,09:35,63014,63020,63.9,73.9,SL,-10.0,0.7,0.7,0.0,
577,Strategy B,2025-08-20,PE,24950,09:45,15:29,63030,63374,63.7,24.55,EOD,39.15,1.05,1.4,0.35,
578,Strategy B,2025-08-21,CE,25100,09:23,09:58,63383,63418,30.65,40.65,SL,-10.0,0.65,0.65,0.0,
579,Strategy B,2025-08-21,CE,25100,11:55,12:48,63535,63588,32.15,42.15,SL,-10.0,0.45,0.4,-0.05,
580,Strategy B,2025-08-21,CE,25100,13:07,14:15,63607,63675,30.2,40.2,SL,-10.0,0.35,0.15,-0.2,
581,Strategy B,2025-08-21,PE,25100,09:53,15:29,63413,63749,41.55,16.15,EOD,25.4,0.95,0.05,-0.9,
582,Strategy B,2025-08-22,CE,25050,09:21,15:29,63756,64124,103.7,56.4,EOD,47.3,1.4,1.7,0.3,
583,Strategy B,2025-08-25,CE,24950,10:03,10:54,64173,64224,87.65,97.65,SL,-10.0,1.4,1.45,0.05,
584,Strategy B,2025-08-25,CE,24950,14:41,14:48,64451,64458,92.0,102.0,SL,-10.0,1.0,1.05,0.05,
585,Strategy B,2025-08-25,CE,24950,15:07,15:29,64477,64499,96.75,103.95,EOD,-7.2,1.05,1.1,0.05,
586,Strategy B,2025-08-25,PE,24950,09:29,10:06,64139,64176,86.95,101.0,SL,-14.05,2.0,1.85,-0.15,
587,Strategy B,2025-08-25,PE,24950,10:37,15:29,64207,64499,83.0,55.35,EOD,27.65,1.85,1.75,-0.1,
588,Strategy B,2025-08-26,CE,24900,09:23,15:29,64508,64874,43.65,22.65,EOD,21.0,1.3,0.9,-0.4,
589,Strategy B,2025-08-26,PE,24900,11:27,11:38,64632,64643,112.1,122.1,SL,-10.0,2.85,2.45,-0.4,
590,Strategy B,2025-08-28,CE,24600,09:23,09:52,64883,64912,33.8,45.7,SL,-11.9,1.8,1.9,0.1,
591,Strategy B,2025-08-28,CE,24600,10:19,10:32,64939,64952,26.75,36.75,SL,-10.0,1.8,1.6,-0.2,
592,Strategy B,2025-08-28,CE,24600,12:23,15:29,65063,65249,31.65,0.1,EOD,31.55,0.65,0.1,-0.55,
593,Strategy B,2025-08-28,PE,24600,09:53,10:19,64913,64939,49.25,64.25,SL,-15.0,1.55,1.35,-0.2,
594,Strategy B,2025-08-28,PE,24600,10:27,12:23,64947,65063,49.65,49.65,SL,0.0,1.2,0.5,-0.7,
595,Strategy B,2025-08-28,PE,24600,14:25,14:26,65185,65186,25.95,36.15,SL,-10.2,0.4,0.35,-0.05,
596,Strategy B,2025-08-29,CE,24600,09:31,15:29,65266,65624,85.35,39.8,EOD,45.55,1.4,1.0,-0.4,
597,Strategy B,2025-08-29,PE,24550,10:33,13:57,65328,65532,92.35,107.35,SL,-15.0,2.05,2.05,0.0,
598,Strategy B,2025-09-01,CE,24500,10:15,11:00,65685,65730,92.6,102.6,SL,-10.0,0.85,0.85,0.0,
599,Strategy B,2025-09-01,CE,24500,11:49,12:14,65779,65804,90.05,100.05,SL,-10.0,0.75,0.7,-0.05,
600,Strategy B,2025-09-01,PE,24500,09:31,10:22,65641,65692,40.55,51.85,SL,-11.3,1.0,1.1,0.1,
601,Strategy B,2025-09-01,PE,24500,10:47,15:29,65717,65999,33.25,14.5,EOD,18.75,1.1,1.3,0.2,
602,Strategy B,2025-09-02,CE,24700,09:27,09:37,66012,66022,19.55,29.55,SL,-10.0,0.65,0.6,-0.05,
603,Strategy B,2025-09-02,CE,24700,13:21,15:29,66246,66374,30.55,0.05,EOD,30.5,0.45,0.05,-0.4,
604,Strategy B,2025-09-02,PE,24700,09:35,13:42,66020,66267,48.75,48.75,SL,0.0,1.05,0.25,-0.8,
605,Strategy B,2025-09-03,CE,24650,09:45,09:49,66405,66409,86.9,96.9,SL,-10.0,1.45,1.45,0.0,
606,Strategy B,2025-09-03,CE,24650,10:37,11:55,66457,66535,93.5,103.5,SL,-10.0,1.55,1.5,-0.05,
607,Strategy B,2025-09-03,PE,24550,09:29,09:39,66389,66399,92.6,107.6,SL,-15.0,3.15,3.35,0.2,
608,Strategy B,2025-09-03,PE,24550,09:53,10:46,66413,66466,93.95,103.95,SL,-10.0,3.2,3.45,0.25,
609,Strategy B,2025-09-03,PE,24550,11:37,15:29,66517,66749,91.8,47.75,EOD,44.05,3.05,3.55,0.5,
610,Strategy B,2025-09-04,CE,24900,10:11,15:29,66806,67124,98.95,43.65,EOD,55.3,1.4,1.0,-0.4,
611,Strategy B,2025-09-04,PE,24900,09:31,10:09,66766,66804,89.9,104.9,SL,-15.0,3.65,4.2,0.55,
612,Strategy B,2025-09-05,CE,24800,09:41,09:52,67151,67162,83.8,93.8,SL,-10.0,1.05,1.1,0.05,
613,Strategy B,2025-09-05,CE,24800,10:05,13:47,67175,67397,77.65,77.65,SL,0.0,1.15,0.9,-0.25,
614,Strategy B,2025-09-05,PE,24800,13:55,14:36,67405,67446,92.75,107.75,SL,-15.0,2.3,2.15,-0.15,
615,Strategy B,2025-09-05,PE,24800,14:59,15:00,67469,67470,95.4,105.4,SL,-10.0,1.9,1.75,-0.15,
616,Strategy B,2025-09-05,PE,24800,15:11,15:29,67481,67499,94.65,95.5,EOD,-0.85,1.9,1.55,-0.35,
617,Strategy B,2025-09-08,CE,24800,10:31,10:41,67576,67586,65.75,77.3,SL,-11.55,0.7,0.7,0.0,
618,Strategy B,2025-09-08,CE,24800,10:53,11:13,67598,67618,67.1,77.1,SL,-10.0,0.8,0.8,0.0,
619,Strategy B,2025-09-08,CE,24800,15:03,15:29,67848,67874,53.35,59.2,EOD,-5.85,0.75,0.6,-0.15,
620,Strategy B,2025-09-08,PE,24800,09:35,09:55,67520,67540,47.25,57.25,SL,-10.0,1.25,1.35,0.1,
621,Strategy B,2025-09-08,PE,24800,10:03,10:14,67548,67559,46.75,56.75,SL,-10.0,1.35,1.35,0.0,
622,Strategy B,2025-09-08,PE,24800,10:47,10:49,67592,67594,47.05,57.05,SL,-10.0,1.3,1.25,-0.05,
623,Strategy B,2025-09-09,CE,24850,10:09,13:34,67929,68134,39.75,49.75,SL,-10.0,0.9,0.4,-0.5,
624,Strategy B,2025-09-09,CE,24850,13:45,14:05,68145,68165,31.0,41.0,SL,-10.0,0.35,0.4,0.05,
625,Strategy B,2025-09-09,CE,24850,14:25,14:26,68185,68186,19.95,32.1,SL,-12.15,0.25,0.25,0.0,
626,Strategy B,2025-09-09,PE,24850,11:09,12:06,67989,68046,40.1,50.1,SL,-10.0,1.0,0.9,-0.1,
627,Strategy B,2025-09-09,PE,24850,12:17,15:29,68057,68249,34.9,0.05,EOD,34.85,0.85,0.05,-0.8,
628,Strategy B,2025-09-10,CE,25000,12:01,12:27,68416,68442,126.9,136.9,SL,-10.0,1.6,1.65,0.05,
629,Strategy B,2025-09-10,CE,25000,12:39,15:29,68454,68624,125.85,122.0,EOD,3.85,1.6,1.6,0.0,
630,Strategy B,2025-09-10,PE,25000,09:35,15:29,68270,68624,109.15,96.45,EOD,12.7,4.4,4.15,-0.25,
631,Strategy B,2025-09-11,CE,25000,09:47,09:53,68657,68663,107.85,117.85,SL,-10.0,1.6,1.45,-0.15,
632,Strategy B,2025-09-11,CE,25000,10:03,12:18,68673,68808,105.65,115.65,SL,-10.0,1.45,1.35,-0.1,
633,Strategy B,2025-09-11,PE,24950,09:25,09:41,68635,68651,65.1,75.1,SL,-10.0,3.2,3.2,0.0,
634,Strategy B,2025-09-11,PE,24950,10:33,15:29,68703,68999,67.5,53.35,EOD,14.15,3.4,2.95,-0.45,
635,Strategy B,2025-09-12,CE,25050,09:23,10:14,69008,69059,100.5,110.5,SL,-10.0,0.95,0.95,0.0,
636,Strategy B,2025-09-12,PE,25050,09:53,15:29,69038,69374,62.0,39.7,EOD,22.3,2.2,2.6,0.4,
637,Strategy B,2025-09-15,CE,25100,09:39,09:51,69399,69411,59.75,69.75,SL,-10.0,0.75,0.7,-0.05,
638,Strategy B,2025-09-15,CE,25100,10:07,12:00,69427,69540,56.9,66.9,SL,-10.0,0.75,0.7,-0.05,
639,Strategy B,2025-09-15,CE,25100,12:45,15:29,69585,69749,55.4,44.9,EOD,10.5,0.7,0.7,0.0,
640,Strategy B,2025-09-15,PE,25100,10:37,10:44,69457,69464,53.3,63.3,SL,-10.0,1.45,1.55,0.1,
641,Strategy B,2025-09-15,PE,25100,11:47,15:29,69527,69749,53.8,45.0,EOD,8.8,1.6,1.6,0.0,
642,Strategy B,2025-09-16,PE,25100,09:29,15:29,69764,70124,29.65,0.05,EOD,29.6,1.15,0.05,-1.1,
643,Strategy B,2025-09-17,CE,25350,10:19,10:38,70189,70208,110.35,120.35,SL,-10.0,1.55,1.4,-0.15,
644,Strategy B,2025-09-17,CE,25350,14:07,14:51,70417,70461,109.6,119.6,SL,-10.0,1.55,1.6,0.05,
645,Strategy B,2025-09-17,PE,25300,09:25,09:27,70135,70137,85.1,95.1,SL,-10.0,4.2,4.1,-0.1,
646,Strategy B,2025-09-17,PE,25300,09:35,15:29,70145,70499,81.8,73.3,EOD,8.5,4.3,4.3,0.0,
647,Strategy B,2025-09-18,CE,25400,11:51,15:06,70656,70851,118.75,118.75,SL,0.0,1.25,1.0,-0.25,
648,Strategy B,2025-09-18,PE,25400,09:27,12:37,70512,70702,57.5,67.5,SL,-10.0,3.6,3.35,-0.25,
649,Strategy B,2025-09-18,PE,25400,14:57,15:29,70842,70874,61.25,51.15,EOD,10.1,2.9,2.9,0.0,
650,Strategy B,2025-09-19,CE,25400,09:27,15:29,70887,71249,61.55,54.8,EOD,6.75,1.0,0.7,-0.3,
651,Strategy B,2025-09-19,PE,25400,13:17,15:29,71117,71249,96.2,76.15,EOD,20.05,2.2,1.95,-0.25,
652,Strategy B,2025-09-22,CE,25200,11:31,11:42,71386,71397,124.7,134.7,SL,-10.0,0.95,0.95,0.0,
653,Strategy B,2025-09-22,CE,25200,13:33,15:29,71508,71624,131.35,69.5,EOD,61.85,1.0,1.3,0.3,
654,Strategy B,2025-09-22,PE,25200,09:25,14:41,71260,71576,27.4,37.4,SL,-10.0,1.4,1.05,-0.35,
655,Strategy B,2025-09-23,CE,25200,09:29,12:36,71639,71826,39.7,54.7,SL,-15.0,1.1,0.3,-0.8,
656,Strategy B,2025-09-23,CE,25200,14:53,15:29,71963,71999,10.05,0.05,EOD,10.0,0.1,0.05,-0.05,
657,Strategy B,2025-09-23,PE,25200,12:33,15:29,71823,71999,44.9,30.25,EOD,14.65,0.65,0.05,-0.6,
658,Strategy B,2025-09-24,CE,25150,09:21,13:14,72006,72239,108.75,122.7,SL,-13.95,1.85,1.55,-0.3,
659,Strategy B,2025-09-24,CE,25150,14:33,15:29,72318,72374,95.1,87.45,EOD,7.65,1.5,1.45,-0.05,
660,Strategy B,2025-09-24,PE,25100,09:57,11:01,72042,72106,96.8,106.8,SL,-10.0,3.85,3.85,0.0,
661,Strategy B,2025-09-24,PE,25100,12:01,15:01,72166,72346,95.6,105.6,SL,-10.0,3.65,3.4,-0.25,
662,Strategy B,2025-09-25,CE,25050,09:47,09:58,72407,72418,111.25,122.65,SL,-11.4,2.15,2.15,0.0,
663,Strategy B,2025-09-25,CE,25050,10:03,15:29,72423,72749,112.55,58.85,EOD,53.7,2.25,1.75,-0.5,
664,Strategy B,2025-09-25,PE,25050,09:23,09:46,72383,72406,70.3,85.3,SL,-15.0,3.2,3.25,0.05,
665,Strategy B,2025-09-26,CE,24850,09:29,15:29,72764,73124,87.1,33.0,EOD,54.1,2.15,2.15,0.0,
666,Strategy B,2025-09-29,CE,24700,11:35,14:01,73265,73411,100.95,100.95,SL,0.0,1.8,1.4,-0.4,
667,Strategy B,2025-09-29,CE,24700,14:43,15:29,73453,73499,74.6,47.65,EOD,26.95,1.45,2.05,0.6,
668,Strategy B,2025-09-29,PE,24700,09:33,11:36,73143,73266,43.2,53.2,SL,-10.0,1.75,1.9,0.15,
669,Strategy B,2025-09-29,PE,24700,13:39,13:44,73389,73394,41.75,51.75,SL,-10.0,1.5,1.65,0.15,
670,Strategy B,2025-09-29,PE,24700,14:01,14:41,73411,73451,40.15,50.15,SL,-10.0,1.7,1.6,-0.1,
671,Strategy B,2025-09-30,CE,24700,09:31,15:29,73516,73874,41.75,0.05,EOD,41.7,1.7,0.05,-1.65,
672,Strategy B,2025-09-30,PE,24700,11:37,11:40,73642,73645,52.9,64.3,SL,-11.4,1.0,0.95,-0.05,
673,Strategy B,2025-09-30,PE,24700,12:23,12:48,73688,73713,50.0,60.0,SL,-10.0,0.8,0.75,-0.05,
674,Strategy B,2025-09-30,PE,24700,12:53,12:56,73718,73721,53.4,63.4,SL,-10.0,0.7,0.65,-0.05,
675,Strategy B,2025-10-01,CE,24700,10:23,10:30,73943,73950,99.6,109.6,SL,-10.0,1.75,1.7,-0.05,
676,Strategy B,2025-10-01,CE,24700,10:47,11:01,73967,73981,100.7,112.2,SL,-11.5,1.75,1.7,-0.05,
677,Strategy B,2025-10-01,PE,24650,09:31,10:03,73891,73923,99.75,112.35,SL,-12.6,3.75,3.65,-0.1,
678,Strategy B,2025-10-01,PE,24650,10:19,10:22,73939,73942,92.5,102.5,SL,-10.0,3.35,3.2,-0.15,
679,Strategy B,2025-10-01,PE,24650,10:29,15:29,73949,74249,94.2,28.5,EOD,65.7,3.2,2.1,-1.1,
680,Strategy B,2025-10-03,CE,24800,10:21,10:28,74316,74323,87.45,97.45,SL,-10.0,1.15,1.2,0.05,
681,Strategy B,2025-10-03,CE,24800,10:47,11:02,74342,74357,83.75,96.7,SL,-12.95,1.15,1.1,-0.05,
682,Strategy B,2025-10-03,CE,24800,14:15,14:30,74550,74565,92.75,102.75,SL,-10.0,0.95,1.05,0.1,
683,Strategy B,2025-10-03,PE,24800,09:53,10:11,74288,74306,64.15,74.75,SL,-10.6,2.5,2.3,-0.2,
684,Strategy B,2025-10-03,PE,24800,11:09,15:29,74364,74624,65.85,30.15,EOD,35.7,2.3,2.15,-0.15,
685,Strategy B,2025-10-06,CE,24900,09:31,09:36,74641,74646,57.6,71.6,SL,-14.0,0.85,0.8,-0.05,
686,Strategy B,2025-10-06,PE,24900,09:41,15:29,74651,74999,42.9,8.95,EOD,33.95,1.5,1.65,0.15,
687,Strategy B,2025-10-07,CE,25150,11:19,12:06,75124,75171,39.45,49.45,SL,-10.0,0.55,0.3,-0.25,
688,Strategy B,2025-10-07,CE,25150,12:19,12:26,75184,75191,30.1,40.1,SL,-10.0,0.3,0.4,0.1,
689,Strategy B,2025-10-07,CE,25150,14:35,15:29,75320,75374,18.15,0.05,EOD,18.1,0.15,0.05,-0.1,
690,Strategy B,2025-10-07,PE,25150,09:39,11:21,75024,75126,48.2,48.2,SL,0.0,1.35,0.6,-0.75,
691,Strategy B,2025-10-07,PE,25150,12:05,15:09,75170,75354,28.15,38.15,SL,-10.0,0.45,0.05,-0.4,
692,Strategy B,2025-10-08,CE,25150,10:05,15:29,75425,75749,125.85,63.75,EOD,62.1,1.75,1.65,-0.1,
693,Strategy B,2025-10-08,PE,25100,09:23,10:20,75383,75440,69.55,79.7,SL,-10.15,3.6,3.6,0.0,
694,Strategy B,2025-10-08,PE,25100,13:35,14:08,75635,75668,83.1,94.2,SL,-11.1,3.4,3.85,0.45,
695,Strategy B,2025-10-09,CE,25050,09:47,10:25,75782,75820,121.4,134.0,SL,-12.6,1.7,1.7,0.0,
696,Strategy B,2025-10-09,PE,25050,09:25,09:36,75760,75771,65.2,76.0,SL,-10.8,2.8,2.75,-0.05,
697,Strategy B,2025-10-09,PE,25050,10:27,15:29,75822,76124,69.15,30.6,EOD,38.55,2.75,2.2,-0.55,
698,Strategy B,2025-10-10,PE,25150,09:23,15:29,76133,76499,42.7,19.85,EOD,22.85,2.2,2.6,0.4,
699,Strategy B,2025-10-13,CE,25200,09:35,09:39,76520,76524,66.0,77.4,SL,-11.4,1.15,1.0,-0.15,
700,Strategy B,2025-10-13,CE,25200,10:07,10:12,76552,76557,73.6,83.6,SL,-10.0,1.05,1.0,-0.05,
701,Strategy B,2025-10-13,CE,25200,10:19,10:30,76564,76575,72.85,82.85,SL,-10.0,0.95,0.85,-0.1,
702,Strategy B,2025-10-13,PE,25200,10:37,10:54,76582,76599,61.95,71.95,SL,-10.0,2.25,2.25,0.0,
703,Strategy B,2025-10-13,PE,25200,12:11,15:29,76676,76874,69.45,33.9,EOD,35.55,2.2,1.65,-0.55,
704,Strategy B,2025-10-14,CE,25300,09:45,15:29,76905,77249,31.45,0.05,EOD,31.4,0.85,0.05,-0.8,
705,Strategy B,2025-10-15,CE,25300,09:41,10:14,77276,77309,105.0,116.2,SL,-11.2,1.45,1.4,-0.05,
706,Strategy B,2025-10-15,PE,25200,09:21,09:41,77256,77276,69.6,79.7,SL,-10.1,4.1,4.25,0.15,
707,Strategy B,2025-10-15,PE,25200,10:15,15:29,77310,77624,66.6,44.1,EOD,22.5,3.95,4.4,0.45,
708,Strategy B,2025-10-16,PE,25400,09:33,09:40,77643,77650,61.0,71.0,SL,-10.0,4.25,4.1,-0.15,
709,Strategy B,2025-10-16,PE,25400,09:53,10:15,77663,77685,59.4,69.4,SL,-10.0,4.25,4.05,-0.2,
710,Strategy B,2025-10-16,PE,25400,10:29,15:29,77699,77999,57.65,34.2,EOD,23.45,4.2,2.9,-1.3,
711,Strategy B,2025-10-17,PE,25550,09:31,09:49,78016,78034,60.55,70.55,SL,-10.0,3.3,3.15,-0.15,
712,Strategy B,2025-10-17,PE,25550,10:01,13:35,78046,78260,58.25,58.25,SL,0.0,3.15,2.3,-0.85,
713,Strategy B,2025-10-17,PE,25550,14:01,15:29,78286,78374,39.8,30.8,EOD,9.0,2.15,2.2,0.05,
714,Strategy B,2025-10-20,CE,25900,09:39,15:29,78399,78749,43.3,0.1,EOD,43.2,1.15,0.05,-1.1,
715,Strategy B,2025-10-20,PE,25900,09:21,09:23,78381,78383,38.2,48.4,SL,-10.2,1.9,1.55,-0.35,
716,Strategy B,2025-10-20,PE,25900,10:47,11:19,78467,78499,58.0,70.85,SL,-12.85,1.05,1.0,-0.05,
717,Strategy B,2025-10-20,PE,25900,12:27,13:50,78567,78650,58.85,58.85,SL,0.0,1.2,0.35,-0.85,
718,Strategy B,2025-10-23,CE,26150,10:57,11:00,78852,78855,107.6,117.6,SL,-10.0,1.75,1.85,0.1,
719,Strategy B,2025-10-23,CE,26150,11:07,11:49,78862,78904,101.8,114.9,SL,-13.1,1.9,1.8,-0.1,
720,Strategy B,2025-10-23,CE,26150,12:59,15:29,78974,79124,104.4,44.1,EOD,60.3,2.05,1.65,-0.4,
721,Strategy B,2025-10-23,PE,26050,09:33,09:52,78768,78787,83.7,93.75,SL,-10.05,7.05,6.45,-0.6,
722,Strategy B,2025-10-23,PE,26050,10:17,10:46,78812,78841,80.15,90.15,SL,-10.0,6.55,5.7,-0.85,
723,Strategy B,2025-10-23,PE,26050,11:41,13:35,78896,79010,83.3,93.3,SL,-10.0,5.4,5.45,0.05,
724,Strategy B,2025-10-24,CE,25950,10:19,15:29,79189,79499,79.0,46.5,EOD,32.5,2.05,2.0,-0.05,
725,Strategy B,2025-10-24,PE,25850,10:01,10:15,79171,79185,65.4,75.4,SL,-10.0,3.85,3.85,0.0,
726,Strategy B,2025-10-24,PE,25850,11:53,12:03,79283,79293,78.8,88.8,SL,-10.0,3.45,3.85,0.4,
727,Strategy B,2025-10-24,PE,25850,12:13,12:42,79303,79332,74.7,84.7,SL,-10.0,3.5,3.3,-0.2,
728,Strategy B,2025-10-27,CE,25850,13:35,13:38,79760,79763,149.9,162.75,SL,-12.85,1.3,1.2,-0.1,
729,Strategy B,2025-10-27,PE,25850,09:25,15:29,79510,79874,42.5,19.95,EOD,22.55,2.2,3.0,0.8,
730,Strategy B,2025-10-28,CE,26000,10:01,15:29,79921,80249,52.1,0.1,EOD,52.0,1.25,0.05,-1.2,
731,Strategy B,2025-10-28,PE,26000,09:33,09:53,79893,79913,49.35,64.35,SL,-15.0,1.6,1.4,-0.2,
732,Strategy B,2025-10-28,PE,26000,13:03,13:04,80103,80104,62.65,76.4,SL,-13.75,0.75,0.65,-0.1,
733,Strategy B,2025-10-28,PE,26000,13:25,13:38,80125,80138,61.75,76.75,SL,-15.0,0.6,0.4,-0.2,
734,Strategy B,2025-10-29,CE,26150,09:43,09:46,80278,80281,101.05,111.05,SL,-10.0,2.55,2.5,-0.05,
735,Strategy B,2025-10-29,CE,26150,14:47,15:15,80582,80610,122.8,132.8,SL,-10.0,2.0,1.75,-0.25,
736,Strategy B,2025-10-29,PE,26000,09:31,09:35,80266,80270,115.75,125.75,SL,-10.0,5.55,5.45,-0.1,
737,Strategy B,2025-10-29,PE,26000,10:09,15:29,80304,80624,120.65,87.65,EOD,33.0,5.4,4.7,-0.7,
738,Strategy B,2025-10-30,CE,26050,09:31,15:29,80641,80999,110.7,74.65,EOD,36.05,2.4,1.95,-0.45,
739,Strategy B,2025-10-30,PE,25950,11:11,11:53,80741,80783,114.55,124.55,SL,-10.0,3.35,3.3,-0.05,
740,Strategy B,2025-10-30,PE,25950,13:19,13:24,80869,80874,113.0,123.0,SL,-10.0,3.7,3.55,-0.15,
741,Strategy B,2025-10-31,CE,25900,10:09,15:29,81054,81374,116.85,65.25,EOD,51.6,1.95,2.0,0.05,
742,Strategy B,2025-10-31,PE,25850,09:27,10:15,81012,81060,70.9,85.9,SL,-15.0,2.95,2.7,-0.25,
743,Strategy B,2025-11-03,CE,25650,11:53,12:46,81533,81586,132.8,146.3,SL,-13.5,1.95,1.9,-0.05,
744,Strategy B,2025-11-03,PE,25650,09:41,15:29,81401,81749,48.35,23.8,EOD,24.55,1.6,1.05,-0.55,
745,Strategy B,2025-11-04,CE,25800,09:27,15:29,81762,82124,28.15,0.1,EOD,28.05,1.2,0.05,-1.15,
746,Strategy B,2025-11-06,CE,25750,09:31,15:29,82141,82499,86.45,35.5,EOD,50.95,2.3,1.5,-0.8,
747,Strategy B,2025-11-06,PE,25650,09:21,09:25,82131,82135,92.75,104.95,SL,-12.2,3.95,4.0,0.05,
748,Strategy B,2025-11-06,PE,25650,12:55,13:09,82345,82359,119.75,129.75,SL,-10.0,4.2,4.0,-0.2,
749,Strategy B,2025-11-07,CE,25400,09:21,11:13,82506,82618,96.35,108.8,SL,-12.45,2.1,1.75,-0.35,
750,Strategy B,2025-11-07,PE,25350,09:51,09:54,82536,82539,69.8,82.0,SL,-12.2,2.25,2.3,0.05,
751,Strategy B,2025-11-07,PE,25350,10:25,15:29,82570,82874,79.5,29.0,EOD,50.5,2.3,1.8,-0.5,
752,Strategy B,2025-11-10,CE,25550,15:13,15:29,83233,83249,97.0,98.25,EOD,-1.25,0.8,0.8,0.0,
753,Strategy B,2025-11-10,PE,25550,09:53,10:00,82913,82920,49.15,59.15,SL,-10.0,1.6,1.65,0.05,
754,Strategy B,2025-11-10,PE,25550,10:13,15:29,82933,83249,51.9,33.1,EOD,18.8,1.65,1.15,-0.5,
755,Strategy B,2025-11-11,CE,25600,09:21,13:35,83256,83510,33.1,48.1,SL,-15.0,0.95,0.2,-0.75,
756,Strategy B,2025-11-11,PE,25600,11:57,15:29,83412,83624,72.35,0.05,EOD,72.3,0.6,0.05,-0.55,
757,Strategy B,2025-11-12,CE,25950,09:35,09:41,83645,83651,102.2,112.2,SL,-10.0,1.75,1.7,-0.05,
758,Strategy B,2025-11-12,PE,25800,09:53,10:04,83663,83674,95.25,105.25,SL,-10.0,5.55,5.6,0.05,
759,Strategy B,2025-11-12,PE,25800,10:13,15:29,83683,83999,97.45,82.5,EOD,14.95,5.7,5.35,-0.35,
760,Strategy B,2025-11-13,CE,25900,14:11,14:19,84296,84304,135.1,150.1,SL,-15.0,2.0,2.0,0.0,
761,Strategy B,2025-11-13,CE,25900,14:59,15:15,84344,84360,137.95,147.95,SL,-10.0,1.65,1.5,-0.15,
762,Strategy B,2025-11-13,PE,25850,09:29,09:34,84014,84019,94.45,109.45,SL,-15.0,5.2,5.35,0.15,
763,Strategy B,2025-11-13,PE,25850,09:49,14:08,84034,84293,98.7,98.7,SL,0.0,5.45,6.25,0.8,
764,Strategy B,2025-11-14,CE,25850,09:55,09:56,84415,84416,115.9,130.9,SL,-15.0,2.1,2.35,0.25,
765,Strategy B,2025-11-14,CE,25850,10:03,10:07,84423,84427,108.6,123.6,SL,-15.0,2.45,2.35,-0.1,
766,Strategy B,2025-11-14,CE,25850,10:13,10:16,84433,84436,108.45,119.25,SL,-10.8,2.4,2.45,0.05,
767,Strategy B,2025-11-14,PE,25800,09:33,09:51,84393,84411,84.2,99.2,SL,-15.0,3.65,3.5,-0.15,
768,Strategy B,2025-11-14,PE,25800,10:59,11:19,84479,84499,77.05,89.9,SL,-12.85,3.0,2.7,-0.3,
769,Strategy B,2025-11-14,PE,25800,12:13,12:33,84553,84573,75.7,90.7,SL,-15.0,2.6,2.5,-0.1,
770,Strategy B,2025-11-17,CE,25900,10:39,11:01,84834,84856,111.7,125.0,SL,-13.3,0.95,0.95,0.0,
771,Strategy B,2025-11-17,CE,25900,11:19,11:55,84874,84910,118.2,128.2,SL,-10.0,0.95,1.0,0.05,
772,Strategy B,2025-11-17,PE,25900,09:27,10:40,84762,84835,45.15,57.05,SL,-11.9,1.6,1.65,0.05,
773,Strategy B,2025-11-17,PE,25900,11:11,11:21,84866,84876,42.4,52.4,SL,-10.0,1.6,1.6,0.0,
774,Strategy B,2025-11-17,PE,25900,11:51,15:29,84906,85124,42.3,24.95,EOD,17.35,1.65,2.05,0.4,
775,Strategy B,2025-11-18,CE,25950,09:41,11:46,85151,85276,46.6,56.6,SL,-10.0,0.95,0.5,-0.45,
776,Strategy B,2025-11-18,CE,25950,12:27,13:17,85317,85367,33.75,43.75,SL,-10.0,0.4,0.3,-0.1,
777,Strategy B,2025-11-18,CE,25950,14:31,15:29,85441,85499,28.15,0.05,EOD,28.1,0.25,0.05,-0.2,
778,Strategy B,2025-11-18,PE,25950,11:01,15:29,85231,85499,50.95,40.0,EOD,10.95,0.85,0.05,-0.8,
779,Strategy B,2025-11-19,CE,26000,11:15,11:20,85620,85625,112.3,122.3,SL,-10.0,2.15,2.1,-0.05,
780,Strategy B,2025-11-19,PE,25850,09:27,15:29,85512,85874,104.9,64.0,EOD,40.9,5.3,4.4,-0.9,
781,Strategy B,2025-11-20,PE,26100,10:15,15:29,85935,86249,119.2,65.65,EOD,53.55,4.85,4.15,-0.7,
782,Strategy B,2025-11-21,CE,26150,09:47,12:24,86282,86439,104.95,114.95,SL,-10.0,1.6,1.35,-0.25,
783,Strategy B,2025-11-21,CE,26150,13:19,13:59,86494,86534,91.25,103.3,SL,-12.05,1.4,1.35,-0.05,
784,Strategy B,2025-11-21,CE,26150,14:49,15:29,86584,86624,87.2,68.3,EOD,18.9,1.15,1.2,0.05,
785,Strategy B,2025-11-21,PE,26100,12:13,13:23,86428,86498,85.65,95.65,SL,-10.0,3.35,3.2,-0.15,
786,Strategy B,2025-11-21,PE,26100,13:39,13:42,86514,86517,82.6,92.6,SL,-10.0,2.95,2.85,-0.1,
787,Strategy B,2025-11-21,PE,26100,13:51,14:52,86526,86587,90.55,100.55,SL,-10.0,2.9,2.4,-0.5,
788,Strategy B,2025-11-24,CE,26100,09:37,09:50,86647,86660,84.5,95.55,SL,-11.05,1.15,1.15,0.0,
789,Strategy B,2025-11-24,CE,26100,11:03,11:28,86733,86758,83.75,95.2,SL,-11.45,1.1,1.1,0.0,
790,Strategy B,2025-11-24,CE,26100,11:47,15:29,86777,86999,87.9,22.95,EOD,64.95,1.05,1.2,0.15,
791,Strategy B,2025-11-24,PE,26100,09:23,09:33,86633,86643,64.6,74.8,SL,-10.2,1.55,1.45,-0.1,
792,Strategy B,2025-11-24,PE,26100,10:09,11:18,86679,86748,59.65,69.65,SL,-10.0,1.7,1.55,-0.15,
793,Strategy B,2025-11-24,PE,26100,11:29,11:50,86759,86780,52.35,64.7,SL,-12.35,1.55,1.5,-0.05,
794,Strategy B,2025-11-25,CE,25950,10:57,11:57,87102,87162,46.1,61.1,SL,-15.0,0.9,0.6,-0.3,
795,Strategy B,2025-11-25,CE,25950,12:29,12:42,87194,87207,39.55,49.55,SL,-10.0,0.55,0.5,-0.05,
796,Strategy B,2025-11-25,CE,25950,14:29,15:29,87314,87374,37.3,0.05,EOD,37.25,0.2,0.05,-0.15,
797,Strategy B,2025-11-25,PE,25950,09:57,10:56,87042,87101,31.8,44.85,SL,-13.05,1.05,0.6,-0.45,
798,Strategy B,2025-11-25,PE,25950,11:51,14:53,87156,87338,28.85,39.25,SL,-10.4,0.65,0.2,-0.45,
799,Strategy B,2025-11-26,PE,25950,09:29,15:29,87389,87749,94.7,44.95,EOD,49.75,3.2,4.15,0.95,
800,Strategy B,2025-11-27,CE,26300,11:23,15:29,87878,88124,113.55,80.95,EOD,32.6,1.35,1.1,-0.25,
801,Strategy B,2025-11-27,PE,26250,09:23,09:39,87758,87774,91.25,106.25,SL,-15.0,4.4,4.55,0.15,
802,Strategy B,2025-11-27,PE,26250,09:57,11:47,87792,87902,97.0,107.0,SL,-10.0,4.8,4.25,-0.55,
803,Strategy B,2025-11-28,CE,26200,10:25,10:27,88195,88197,125.7,136.65,SL,-10.95,1.1,1.15,0.05,
804,Strategy B,2025-11-28,CE,26200,11:37,11:46,88267,88276,129.3,139.3,SL,-10.0,1.05,1.1,0.05,
805,Strategy B,2025-11-28,CE,26200,12:01,15:29,88291,88499,131.2,112.8,EOD,18.4,1.05,0.9,-0.15,
806,Strategy B,2025-11-28,PE,26200,09:33,09:38,88143,88148,74.15,84.15,SL,-10.0,2.65,2.45,-0.2,
807,Strategy B,2025-11-28,PE,26200,09:53,12:46,88163,88336,69.35,79.35,SL,-10.0,2.7,2.55,-0.15,
808,Strategy B,2025-11-28,PE,26200,15:21,15:29,88491,88499,67.5,65.8,EOD,1.7,2.25,2.0,-0.25,
809,Strategy B,2025-12-01,CE,26300,09:53,15:29,88538,88874,72.8,21.2,EOD,51.6,0.85,0.8,-0.05,
810,Strategy B,2025-12-01,PE,26300,10:33,10:38,88578,88583,67.35,77.35,SL,-10.0,1.8,1.7,-0.1,
811,Strategy B,2025-12-02,CE,26100,09:41,15:29,88901,89249,56.95,0.05,EOD,56.9,1.0,0.05,-0.95,
812,Strategy B,2025-12-02,PE,26100,09:27,09:30,88887,88890,27.0,37.0,SL,-10.0,0.9,0.85,-0.05,
813,Strategy B,2025-12-02,PE,26100,12:37,12:42,89077,89082,39.45,49.45,SL,-10.0,0.5,0.5,0.0,
814,Strategy B,2025-12-03,CE,26100,09:25,15:29,89260,89624,107.6,90.1,EOD,17.5,1.9,1.65,-0.25,
815,Strategy B,2025-12-03,PE,26000,12:19,12:31,89434,89446,127.85,137.85,SL,-10.0,4.0,3.85,-0.15,
816,Strategy B,2025-12-03,PE,26000,14:13,15:29,89548,89624,130.9,105.25,EOD,25.65,3.7,3.1,-0.6,
817,Strategy B,2025-12-04,CE,26000,11:53,12:05,89783,89795,135.15,145.15,SL,-10.0,1.7,1.75,0.05,
818,Strategy B,2025-12-04,CE,26000,12:17,14:52,89807,89962,134.4,134.4,SL,0.0,1.7,1.4,-0.3,
819,Strategy B,2025-12-04,PE,25950,09:29,13:41,89639,89891,86.35,86.35,SL,0.0,3.0,2.1,-0.9,
820,Strategy B,2025-12-04,PE,25950,14:19,15:29,89929,89999,68.25,53.2,EOD,15.05,2.1,1.8,-0.3,
821,Strategy B,2025-12-05,PE,26000,09:49,09:56,90034,90041,61.85,71.85,SL,-10.0,1.85,1.8,-0.05,
822,Strategy B,2025-12-05,PE,26000,10:15,10:29,90060,90074,41.8,51.8,SL,-10.0,1.7,1.55,-0.15,
823,Strategy B,2025-12-05,PE,26000,10:37,15:29,90082,90374,52.75,18.6,EOD,34.15,1.6,2.0,0.4,
824,Strategy B,2025-12-08,CE,26150,09:33,15:29,90393,90749,74.15,10.5,EOD,63.65,0.9,2.0,1.1,
825,Strategy B,2025-12-09,CE,25850,09:27,10:19,90762,90814,40.65,52.7,SL,-12.05,1.9,0.85,-1.05,
826,Strategy B,2025-12-09,CE,25850,10:53,10:59,90848,90854,27.1,37.1,SL,-10.0,0.95,0.8,-0.15,
827,Strategy B,2025-12-09,CE,25850,14:21,15:29,91056,91124,21.9,0.05,EOD,21.85,0.3,0.05,-0.25,
828,Strategy B,2025-12-09,PE,25850,11:01,15:29,90856,91124,60.15,10.15,EOD,50.0,0.7,0.05,-0.65,
829,Strategy B,2025-12-10,CE,25950,10:51,15:29,91221,91499,108.1,67.8,EOD,40.3,1.9,2.35,0.45,
830,Strategy B,2025-12-10,PE,25850,09:31,10:55,91141,91225,97.05,112.05,SL,-15.0,4.2,3.8,-0.4,
831,Strategy B,2025-12-11,CE,25800,09:41,09:49,91526,91534,93.5,108.5,SL,-15.0,2.85,2.55,-0.3,
832,Strategy B,2025-12-11,PE,25750,10:13,15:29,91558,91874,87.15,38.8,EOD,48.35,3.25,2.15,-1.1,
833,Strategy B,2025-12-12,CE,26000,10:09,10:15,91929,91935,90.55,105.55,SL,-15.0,1.1,1.15,0.05,
834,Strategy B,2025-12-12,CE,26000,10:25,11:09,91945,91989,81.3,96.3,SL,-15.0,1.15,1.15,0.0,
835,Strategy B,2025-12-12,PE,26000,09:21,10:08,91881,91928,83.0,93.0,SL,-10.0,2.4,2.45,0.05,
836,Strategy B,2025-12-12,PE,26000,11:21,15:29,92001,92249,81.6,50.4,EOD,31.2,2.3,2.65,0.35,
837,Strategy B,2025-12-15,CE,25950,09:25,10:14,92260,92309,69.35,79.7,SL,-10.35,1.15,1.15,0.0,
838,Strategy B,2025-12-15,PE,25950,10:09,15:29,92304,92624,66.75,29.4,EOD,37.35,1.7,1.6,-0.1,
839,Strategy B,2025-12-16,CE,25950,09:31,15:29,92641,92999,34.65,0.05,EOD,34.6,0.9,0.05,-0.85,
840,Strategy B,2025-12-16,PE,25950,12:31,12:42,92821,92832,57.3,67.3,SL,-10.0,0.7,0.55,-0.15,
841,Strategy B,2025-12-16,PE,25950,13:37,14:08,92887,92918,55.55,65.55,SL,-10.0,0.5,0.3,-0.2,
842,Strategy B,2025-12-17,CE,25950,09:49,15:29,93034,93374,97.4,80.1,EOD,17.3,2.15,2.25,0.1,
843,Strategy B,2025-12-18,CE,25800,09:43,10:11,93403,93431,101.0,115.3,SL,-14.3,2.45,2.25,-0.2,
844,Strategy B,2025-12-18,CE,25800,14:09,15:29,93669,93749,127.25,120.95,EOD,6.3,1.75,1.7,-0.05,
845,Strategy B,2025-12-18,PE,25800,10:13,15:29,93433,93749,96.6,86.7,EOD,9.9,2.85,2.45,-0.4,
846,Strategy B,2025-12-19,CE,25950,10:15,10:27,93810,93822,89.25,99.25,SL,-10.0,1.3,1.2,-0.1,
847,Strategy B,2025-12-19,CE,25950,11:07,14:24,93862,94059,90.85,100.85,SL,-10.0,1.25,1.0,-0.25,
848,Strategy B,2025-12-19,CE,25950,15:01,15:27,94096,94122,86.55,96.55,SL,-10.0,1.0,0.9,-0.1,
849,Strategy B,2025-12-19,PE,25950,09:25,11:44,93760,93899,87.85,97.85,SL,-10.0,2.7,2.6,-0.1,
850,Strategy B,2025-12-19,PE,25950,12:41,13:12,93956,93987,73.7,83.7,SL,-10.0,2.55,2.35,-0.2,
851,Strategy B,2025-12-19,PE,25950,13:23,15:29,93998,94124,74.9,62.65,EOD,12.25,2.4,2.6,0.2,
852,Strategy B,2025-12-22,CE,26100,11:17,14:34,94247,94444,77.7,87.7,SL,-10.0,0.85,0.65,-0.2,
853,Strategy B,2025-12-22,PE,26100,09:21,15:29,94131,94499,56.2,32.8,EOD,23.4,1.9,1.9,0.0,
854,Strategy B,2025-12-23,CE,26150,09:27,09:58,94512,94543,41.7,51.7,SL,-10.0,0.75,0.55,-0.2,
855,Strategy B,2025-12-23,CE,26150,11:41,12:04,94646,94669,36.7,46.7,SL,-10.0,0.45,0.4,-0.05,
856,Strategy B,2025-12-23,CE,26150,12:53,13:55,94718,94780,40.6,50.6,SL,-10.0,0.3,0.2,-0.1,
857,Strategy B,2025-12-23,PE,26150,09:59,15:29,94544,94874,28.0,0.05,EOD,27.95,1.05,0.05,-1.0,
858,Strategy B,2025-12-24,CE,26150,11:03,11:13,94983,94993,134.6,147.65,SL,-13.05,1.45,1.5,0.05,
859,Strategy B,2025-12-24,CE,26150,11:41,15:29,95021,95249,142.69,94.95,EOD,47.74,1.4,1.14,-0.26,
860,Strategy B,2025-12-24,PE,26150,09:27,13:32,94887,95132,65.7,75.7,SL,-10.0,3.45,2.15,-1.3,
861,Strategy B,2025-12-26,CE,26100,09:35,15:29,95270,95624,81.95,48.25,EOD,33.7,1.14,1.45,0.31,
862,Strategy B,2025-12-29,CE,26050,09:59,15:29,95669,95999,50.0,18.45,EOD,31.55,1.1,0.8,-0.3,
863,Strategy B,2025-12-29,PE,26050,09:27,09:58,95637,95668,43.7,53.7,SL,-10.0,1.1,1.14,0.04,
864,Strategy B,2025-12-30,CE,25900,09:21,09:35,96006,96020,35.25,48.0,SL,-12.75,1.05,1.0,-0.05,
865,Strategy B,2025-12-30,CE,25900,11:11,13:43,96116,96268,41.9,51.9,SL,-10.0,0.55,0.25,-0.3,
866,Strategy B,2025-12-30,CE,25900,15:21,15:29,96366,96374,37.79,39.15,EOD,-1.36,0.05,0.05,0.0,
867,Strategy B,2025-12-30,PE,25900,09:41,15:29,96026,96374,27.6,0.05,EOD,27.55,0.75,0.05,-0.7,
868,Strategy B,2025-12-31,CE,26050,09:45,10:15,96405,96435,92.65,105.55,SL,-12.9,1.55,1.35,-0.2,
869,Strategy B,2025-12-31,PE,26000,10:15,15:29,96435,96749,79.3,39.75,EOD,39.55,2.75,3.0,0.25,
870,Strategy B,2026-01-01,CE,26200,09:27,09:28,96762,96763,73.0,83.0,SL,-10.0,1.0,1.0,0.0,
871,Strategy B,2026-01-01,CE,26200,10:11,11:02,96806,96857,75.0,85.0,SL,-10.0,0.95,0.9,-0.05,
872,Strategy B,2026-01-01,CE,26200,11:11,15:29,96866,97124,75.5,62.15,EOD,13.35,0.9,0.75,-0.15,
873,Strategy B,2026-01-01,PE,26200,09:53,09:58,96788,96793,82.2,92.2,SL,-10.0,2.9,2.6,-0.3,
874,Strategy B,2026-01-01,PE,26200,10:47,11:43,96842,96898,87.55,97.55,SL,-10.0,2.54,2.25,-0.29,
875,Strategy B,2026-01-01,PE,26200,14:05,15:11,97040,97106,87.35,97.35,SL,-10.0,2.2,1.9,-0.3,
876,Strategy B,2026-01-02,PE,26150,09:29,15:29,97139,97499,42.45,17.3,EOD,25.15,1.75,1.75,0.0,
877,Strategy B,2026-01-05,CE,26300,09:25,10:08,97510,97553,64.65,79.65,SL,-15.0,0.8,0.65,-0.15,
878,Strategy B,2026-01-05,CE,26300,13:03,15:29,97728,97874,67.25,19.14,EOD,48.11,0.75,0.6,-0.15,
879,Strategy B,2026-01-05,PE,26300,10:11,11:25,97556,97630,40.1,50.1,SL,-10.0,1.6,1.55,-0.05,
880,Strategy B,2026-01-05,PE,26300,11:43,13:15,97648,97740,42.45,52.45,SL,-10.0,1.6,1.3,-0.3,
881,Strategy B,2026-01-06,CE,26200,09:27,09:34,97887,97894,41.05,51.05,SL,-10.0,0.75,0.7,-0.05,
882,Strategy B,2026-01-06,CE,26200,10:31,15:29,97951,98249,48.4,0.05,EOD,48.35,0.4,0.05,-0.35,
883,Strategy B,2026-01-06,PE,26200,09:51,11:15,97911,97995,26.7,36.7,SL,-10.0,0.7,0.35,-0.35,
884,Strategy B,2026-01-06,PE,26200,13:09,13:14,98109,98114,25.15,35.15,SL,-10.0,0.2,0.2,0.0,
885,Strategy B,2026-01-06,PE,26200,15:17,15:29,98237,98249,25.35,20.95,EOD,4.4,0.05,0.05,0.0,
886,Strategy B,2026-01-07,CE,26150,09:53,09:57,98288,98292,97.9,107.9,SL,-10.0,1.55,1.5,-0.05,
887,Strategy B,2026-01-07,CE,26150,11:53,15:29,98408,98624,109.5,103.1,EOD,6.4,1.4,1.2,-0.2,
888,Strategy B,2026-01-07,PE,26150,10:05,12:21,98300,98436,93.75,103.75,SL,-10.0,2.7,2.25,-0.45,
889,Strategy B,2026-01-07,PE,26150,15:01,15:29,98596,98624,93.65,90.45,EOD,3.2,2.0,1.85,-0.15,
890,Strategy B,2026-01-08,CE,26100,09:27,15:29,98637,98999,88.3,27.95,EOD,60.35,1.5,1.3,-0.2,
891,Strategy B,2026-01-09,CE,25900,09:29,09:31,99014,99016,87.1,100.3,SL,-13.2,1.45,1.4,-0.05,
892,Strategy B,2026-01-09,CE,25900,09:39,09:44,99024,99029,79.75,91.55,SL,-11.8,1.35,1.35,0.0,
893,Strategy B,2026-01-09,CE,25900,10:37,15:29,99082,99374,80.9,42.25,EOD,38.65,1.35,2.75,1.4,
894,Strategy B,2026-01-12,CE,25600,09:25,12:17,99385,99557,81.9,81.9,SL,0.0,2.25,1.8,-0.45,
895,Strategy B,2026-01-12,PE,25600,12:19,15:29,99559,99749,68.9,12.85,EOD,56.05,2.2,1.55,-0.65,
896,Strategy B,2026-01-13,CE,25850,09:29,15:29,99764,100124,32.79,0.05,EOD,32.74,1.6,0.05,-1.55,
897,Strategy B,2026-01-13,PE,25850,10:31,10:35,99826,99830,72.75,87.75,SL,-15.0,1.14,1.0,-0.14,
898,Strategy B,2026-01-13,PE,25850,11:17,11:53,99872,99908,75.95,90.95,SL,-15.0,0.55,0.65,0.1,
899,Strategy B,2026-01-14,CE,25800,09:47,09:54,100157,100164,91.55,106.55,SL,-15.0,2.5,2.4,-0.1,
900,Strategy B,2026-01-14,CE,25800,10:15,10:59,100185,100229,94.3,104.3,SL,-10.0,2.29,2.25,-0.04,
901,Strategy B,2026-01-14,CE,25800,12:57,15:29,100347,100499,100.85,78.55,EOD,22.3,1.9,1.8,-0.1,
902,Strategy B,2026-01-14,PE,25650,09:29,09:44,100139,100154,89.0,101.3,SL,-12.3,5.8,5.95,0.15,
903,Strategy B,2026-01-14,PE,25650,09:55,10:09,100165,100179,82.3,97.3,SL,-15.0,5.65,5.6,-0.05,
904,Strategy B,2026-01-14,PE,25650,10:55,13:37,100225,100387,96.05,96.05,SL,0.0,5.5,4.9,-0.6,
905,Strategy B,2026-01-16,CE,25750,12:47,15:29,100712,100874,122.8,85.25,EOD,37.55,1.45,1.25,-0.2,
906,Strategy B,2026-01-16,PE,25700,09:49,12:30,100534,100695,74.95,74.95,SL,0.0,3.0,3.1,0.1,
907,Strategy B,2026-01-19,CE,25600,09:23,09:35,100883,100895,71.7,83.05,SL,-11.35,1.6,1.55,-0.05,
908,Strategy B,2026-01-19,CE,25600,10:01,11:03,100921,100983,51.2,61.35,SL,-10.15,1.8,1.6,-0.2,
909,Strategy B,2026-01-19,CE,25600,11:13,12:17,100993,101057,49.05,60.3,SL,-11.25,1.55,1.55,0.0,
910,Strategy B,2026-01-19,PE,25600,11:05,11:10,100985,100990,99.7,112.75,SL,-13.05,1.7,1.8,0.1,
911,Strategy B,2026-01-19,PE,25600,11:45,11:57,101025,101037,104.0,114.0,SL,-10.0,1.75,1.7,-0.05,
912,Strategy B,2026-01-19,PE,25600,12:19,12:24,101059,101064,93.6,108.6,SL,-15.0,1.55,1.65,0.1,
913,Strategy B,2026-01-20,CE,25550,09:29,15:29,101264,101624,37.15,0.05,EOD,37.1,1.14,0.05,-1.09,
914,Strategy B,2026-01-21,CE,25400,09:47,12:18,101657,101808,76.35,76.35,SL,0.0,3.9,3.45,-0.45,
915,Strategy B,2026-01-21,CE,25400,14:01,14:18,101911,101928,71.55,81.55,SL,-10.0,3.15,2.9,-0.25,
916,Strategy B,2026-01-21,CE,25400,14:23,15:29,101933,101999,69.0,65.85,EOD,3.15,2.75,2.6,-0.15,
917,Strategy B,2026-01-21,PE,25200,12:37,13:10,101827,101860,140.75,140.75,SL,0.0,14.35,16.2,1.85,
918,Strategy B,2026-01-21,PE,25200,13:15,13:16,101865,101866,130.1,140.35,SL,-10.25,15.15,16.6,1.45,
919,Strategy B,2026-01-22,CE,25350,10:27,15:29,102072,102374,144.1,131.65,EOD,12.45,3.1,2.2,-0.9,
920,Strategy B,2026-01-22,PE,25300,09:27,10:27,102012,102072,97.9,112.9,SL,-15.0,6.45,7.1,0.65,
921,Strategy B,2026-01-22,PE,25300,14:35,15:02,102320,102347,114.85,129.85,SL,-15.0,4.85,3.9,-0.95,
922,Strategy B,2026-01-22,PE,25300,15:07,15:29,102352,102374,112.05,80.95,EOD,31.1,3.65,3.25,-0.4,
923,Strategy B,2026-01-23,CE,25350,09:53,10:31,102413,102451,98.5,108.5,SL,-10.0,1.95,1.9,-0.05,
924,Strategy B,2026-01-23,CE,25350,10:45,15:29,102465,102749,94.55,28.5,EOD,66.05,1.95,2.6,0.65,
925,Strategy B,2026-01-23,PE,25250,09:27,09:35,102387,102395,75.05,85.9,SL,-10.85,3.6,3.85,0.25,
926,Strategy B,2026-01-23,PE,25250,11:29,11:34,102509,102514,80.15,90.15,SL,-10.0,3.55,3.6,0.05,
927,Strategy B,2026-01-27,CE,25050,09:25,09:34,102760,102769,64.25,79.25,SL,-15.0,2.15,2.2,0.05,
928,Strategy B,2026-01-27,CE,25050,10:45,11:30,102840,102885,71.2,86.2,SL,-15.0,1.2,1.0,-0.2,
929,Strategy B,2026-01-27,CE,25050,13:03,13:09,102978,102984,78.0,93.0,SL,-15.0,0.65,0.55,-0.1,
930,Strategy B,2026-01-27,PE,25050,09:41,10:41,102776,102836,63.85,63.85,SL,0.0,1.45,0.95,-0.5,
931,Strategy B,2026-01-27,PE,25050,11:31,11:34,102886,102889,50.5,65.5,SL,-15.0,0.95,0.85,-0.1,
932,Strategy B,2026-01-27,PE,25050,11:39,13:39,102894,103014,50.05,50.05,SL,0.0,0.9,0.55,-0.35,
933,Strategy B,2026-01-28,CE,25650,09:39,15:29,103149,103499,105.7,93.0,EOD,12.7,7.25,4.75,-2.5,
934,Strategy B,2026-01-28,PE,25000,10:57,13:22,103227,103372,111.35,121.35,SL,-10.0,15.85,13.7,-2.15,
935,Strategy B,2026-01-28,PE,25000,14:47,15:29,103457,103499,102.05,79.9,EOD,22.15,11.4,7.7,-3.7,
936,Strategy B,2026-01-29,CE,25500,09:37,11:17,103522,103622,99.9,114.05,SL,-14.15,5.95,6.2,0.25,
937,Strategy B,2026-01-29,PE,25100,11:09,15:29,103614,103874,130.8,71.85,EOD,58.95,10.7,6.7,-4.0,
938,Strategy B,2026-01-30,CE,25500,09:25,09:26,103885,103886,97.65,107.65,SL,-10.0,5.5,5.45,-0.05,
939,Strategy B,2026-01-30,CE,25500,11:13,11:53,103993,104033,106.0,116.0,SL,-10.0,5.45,5.6,0.15,
940,Strategy B,2026-01-30,CE,25500,13:17,13:39,104117,104139,105.55,115.55,SL,-10.0,5.6,5.9,0.3,
941,Strategy B,2026-01-30,PE,25100,09:39,10:06,103899,103926,110.1,124.0,SL,-13.9,8.65,9.0,0.35,
942,Strategy B,2026-01-30,PE,25100,10:15,10:23,103935,103943,107.75,117.75,SL,-10.0,8.5,8.75,0.25,
943,Strategy B,2026-01-30,PE,25100,10:49,11:07,103969,103987,108.65,118.65,SL,-10.0,8.55,8.65,0.1,
944,Strategy B,2026-02-01,CE,25500,11:55,11:57,104410,104412,109.1,124.1,SL,-15.0,5.55,6.45,0.9,
945,Strategy B,2026-02-01,CE,25500,12:13,15:29,104428,104624,82.55,12.9,EOD,69.65,4.55,2.95,-1.6,
946,Strategy B,2026-02-01,PE,25100,09:45,09:50,104280,104285,100.4,111.8,SL,-11.4,9.55,9.7,0.15,
947,Strategy B,2026-02-01,PE,25100,10:07,11:45,104302,104400,101.3,111.3,SL,-10.0,9.0,7.05,-1.95,
948,Strategy B,2026-02-01,PE,25100,12:11,12:11,104426,104426,69.3,84.3,SL,-15.0,4.35,5.15,0.8,
949,Strategy B,2026-02-02,CE,24900,10:05,10:11,104675,104681,94.6,109.6,SL,-15.0,2.4,2.2,-0.2,
950,Strategy B,2026-02-02,CE,24900,10:23,10:27,104693,104697,84.5,99.5,SL,-15.0,2.35,2.35,0.0,
951,Strategy B,2026-02-02,CE,24900,10:45,11:39,104715,104769,97.8,97.8,SL,0.0,2.1,2.1,0.0,
952,Strategy B,2026-02-02,PE,24650,09:23,11:01,104633,104731,93.55,93.55,SL,0.0,2.95,3.85,0.9,
953,Strategy B,2026-02-02,PE,24650,11:39,15:29,104769,104999,58.05,9.5,EOD,48.55,2.85,1.8,-1.05,
954,Strategy B,2026-02-03,CE,25850,09:25,09:28,105010,105013,127.25,127.25,SL,0.0,8.65,9.5,0.85,
955,Strategy B,2026-02-03,CE,25850,09:33,15:29,105018,105374,95.05,0.05,EOD,95.0,5.65,0.05,-5.6,
956,Strategy B,2026-02-03,PE,25650,10:23,15:29,105068,105374,59.05,0.05,EOD,59.0,3.25,0.05,-3.2,
957,Strategy B,2026-02-04,CE,25850,10:23,13:52,105443,105652,131.1,131.1,SL,0.0,5.2,4.65,-0.55,
958,Strategy B,2026-02-04,PE,25550,09:23,15:29,105383,105749,105.8,83.5,EOD,22.3,11.35,11.9,0.55,
959,Strategy B,2026-02-05,CE,25800,09:25,09:30,105760,105765,98.7,108.7,SL,-10.0,4.45,4.55,0.1,
960,Strategy B,2026-02-05,CE,25800,09:39,15:29,105774,106124,97.3,73.5,EOD,23.8,4.5,4.85,0.35,
961,Strategy B,2026-02-05,PE,25650,10:23,10:34,105818,105829,116.95,131.95,SL,-15.0,7.5,7.25,-0.25,
962,Strategy B,2026-02-05,PE,25650,11:13,11:19,105868,105874,121.9,132.6,SL,-10.7,7.4,7.4,0.0,
963,Strategy B,2026-02-05,PE,25650,11:31,11:49,105886,105904,125.85,135.85,SL,-10.0,7.15,7.25,0.1,
964,Strategy B,2026-02-06,CE,25600,09:27,09:28,106137,106138,115.65,126.3,SL,-10.65,3.7,3.65,-0.05,
965,Strategy B,2026-02-06,CE,25600,09:37,11:20,106147,106250,106.7,106.7,SL,0.0,4.1,3.75,-0.35,
966,Strategy B,2026-02-06,CE,25600,12:31,13:42,106321,106392,93.2,103.2,SL,-10.0,3.6,3.7,0.1,
967,Strategy B,2026-02-06,PE,25550,11:09,12:33,106239,106323,106.8,106.8,SL,0.0,5.1,4.9,-0.2,
968,Strategy B,2026-02-06,PE,25550,13:17,15:29,106367,106499,92.7,60.05,EOD,32.65,4.65,7.2,2.55,
969,Strategy B,2026-02-09,CE,25850,09:39,10:00,106524,106545,65.1,75.1,SL,-10.0,1.95,1.85,-0.1,
970,Strategy B,2026-02-09,CE,25850,10:13,10:36,106558,106581,66.65,76.65,SL,-10.0,1.85,1.9,0.05,
971,Strategy B,2026-02-09,CE,25850,11:55,12:09,106660,106674,70.4,80.4,SL,-10.0,1.8,1.75,-0.05,
972,Strategy B,2026-02-09,PE,25850,10:01,10:09,106546,106554,87.9,97.9,SL,-10.0,3.95,4.25,0.3,
973,Strategy B,2026-02-09,PE,25850,10:21,15:29,106566,106874,86.65,66.6,EOD,20.05,4.25,6.65,2.4,
974,Strategy B,2026-02-10,CE,25950,11:19,12:48,106999,107088,36.4,46.4,SL,-10.0,0.8,0.4,-0.4,
975,Strategy B,2026-02-10,CE,25950,13:19,15:29,107119,107249,27.8,0.05,EOD,27.75,0.4,0.05,-0.35,
976,Strategy B,2026-02-10,PE,25950,09:37,13:30,106897,107130,49.15,49.15,SL,0.0,2.3,0.35,-1.95,
977,Strategy B,2026-02-10,PE,25950,14:53,15:29,107213,107249,21.4,15.0,EOD,6.4,0.15,0.05,-0.1,
978,Strategy B,2026-02-11,CE,26050,09:31,15:29,107266,107624,104.2,82.75,EOD,21.45,3.2,3.2,0.0,
979,Strategy B,2026-02-11,PE,26000,10:31,11:08,107326,107363,124.05,134.05,SL,-10.0,8.7,8.95,0.25,
980,Strategy B,2026-02-11,PE,26000,11:29,12:08,107384,107423,122.85,132.85,SL,-10.0,8.85,8.6,-0.25,
981,Strategy B,2026-02-11,PE,26000,13:43,13:49,107518,107524,118.7,128.7,SL,-10.0,8.85,8.6,-0.25,
982,Strategy B,2026-02-12,CE,25900,09:31,10:03,107641,107673,99.75,109.75,SL,-10.0,4.1,3.7,-0.4,
983,Strategy B,2026-02-12,CE,25900,10:51,15:29,107721,107999,98.0,76.15,EOD,21.85,3.55,3.2,-0.35,
984,Strategy B,2026-02-12,PE,25850,09:57,11:22,107667,107752,94.4,104.4,SL,-10.0,7.1,6.75,-0.35,
985,Strategy B,2026-02-12,PE,25850,12:43,13:52,107833,107902,96.15,106.15,SL,-10.0,6.55,6.3,-0.25,
986,Strategy B,2026-02-13,CE,25650,09:23,15:29,108008,108374,88.0,53.25,EOD,34.75,3.95,4.95,1.0,
987,Strategy B,2026-02-13,PE,25600,12:25,12:56,108190,108221,103.35,113.35,SL,-10.0,5.9,5.5,-0.4,
988,Strategy B,2026-02-16,CE,25450,09:49,09:57,108409,108417,93.0,103.0,SL,-10.0,2.95,2.9,-0.05,
989,Strategy B,2026-02-16,PE,25450,09:21,15:29,108381,108749,82.3,22.4,EOD,59.9,3.6,4.45,0.85,
990,Strategy B,2026-02-17,CE,25600,09:21,09:42,108756,108777,40.5,55.5,SL,-15.0,1.35,1.2,-0.15,
991,Strategy B,2026-02-17,PE,25600,09:43,15:29,108778,109124,40.75,0.05,EOD,40.7,1.25,0.05,-1.2,
992,Strategy B,2026-02-18,CE,25800,09:25,09:28,109135,109138,98.85,112.0,SL,-13.15,3.7,3.6,-0.1,
993,Strategy B,2026-02-18,CE,25800,09:33,09:36,109143,109146,101.45,111.45,SL,-10.0,3.55,3.4,-0.15,
994,Strategy B,2026-02-18,CE,25800,09:53,13:24,109163,109374,102.0,112.0,SL,-10.0,3.45,2.5,-0.95,
995,Strategy B,2026-02-18,PE,25650,09:37,09:52,109147,109162,90.55,100.55,SL,-10.0,8.05,8.15,0.1,
996,Strategy B,2026-02-18,PE,25650,10:59,11:26,109229,109256,105.35,115.35,SL,-10.0,8.85,8.85,0.0,
997,Strategy B,2026-02-18,PE,25650,11:35,11:41,109265,109271,97.1,108.4,SL,-11.3,8.7,8.65,-0.05,
998,Strategy B,2026-02-19,CE,25850,09:29,15:29,109514,109874,102.55,26.85,EOD,75.7,2.5,3.95,1.45,
999,Strategy B,2026-02-20,PE,25450,09:45,15:29,109905,110249,108.55,69.15,EOD,39.4,11.7,8.1,-3.6,
1000,Strategy B,2026-02-23,CE,25650,10:33,14:31,110328,110566,127.0,127.0,SL,0.0,2.0,1.6,-0.4,
1001,Strategy B,2026-02-23,PE,25650,09:27,09:54,110262,110289,62.15,75.6,SL,-13.45,5.9,6.05,0.15,
1002,Strategy B,2026-02-23,PE,25650,15:01,15:29,110596,110624,65.8,62.8,EOD,3.0,4.45,5.0,0.55,
1003,Strategy B,2026-02-24,CE,25600,09:23,15:29,110633,110999,41.25,0.1,EOD,41.15,1.25,0.05,-1.2,
1004,Strategy B,2026-02-25,CE,25650,11:19,15:29,111124,111374,133.55,83.7,EOD,49.85,2.85,2.8,-0.05,
1005,Strategy B,2026-02-25,PE,25500,09:21,12:34,111006,111199,108.5,108.5,SL,0.0,10.25,9.75,-0.5,
1006,Strategy B,2026-02-26,CE,25600,09:25,09:37,111385,111397,96.9,108.9,SL,-12.0,3.1,2.6,-0.5,
1007,Strategy B,2026-02-26,CE,25600,10:31,11:25,111451,111505,99.45,110.0,SL,-10.55,2.4,2.05,-0.35,
1008,Strategy B,2026-02-26,CE,25600,11:33,15:29,111513,111749,96.3,79.5,EOD,16.8,2.0,1.8,-0.2,
1009,Strategy B,2026-02-26,PE,25500,09:41,09:54,111401,111414,93.2,107.85,SL,-14.65,8.25,8.3,0.05,
1010,Strategy B,2026-02-26,PE,25500,10:07,10:29,111427,111449,91.15,106.15,SL,-15.0,8.2,8.5,0.3,
1011,Strategy B,2026-02-26,PE,25500,10:49,10:55,111469,111475,95.75,105.75,SL,-10.0,8.05,8.25,0.2,
1012,Strategy B,2026-02-27,CE,25400,09:31,15:29,111766,112124,100.95,39.1,EOD,61.85,2.3,2.4,0.1,
1013,Strategy B,2026-02-27,PE,25400,14:01,14:02,112036,112037,118.65,130.5,SL,-11.85,4.7,4.65,-0.05,
1014,Strategy B,2026-02-27,PE,25400,14:21,14:26,112056,112061,134.0,144.0,SL,-10.0,4.9,4.9,0.0,
1015,Strategy B,2026-03-02,CE,24850,09:55,09:57,112165,112167,103.5,118.5,SL,-15.0,1.5,1.4,-0.1,
1016,Strategy B,2026-03-02,CE,24850,10:05,15:29,112175,112499,107.8,15.85,EOD,91.95,1.3,0.05,-1.25,
1017,Strategy B,2026-03-02,PE,24850,09:31,09:54,112141,112164,63.8,78.8,SL,-15.0,3.3,3.8,0.5,
1018,Strategy B,2026-03-02,PE,24850,14:39,14:59,112449,112469,41.55,56.55,SL,-15.0,0.45,0.2,-0.25,
1019,Strategy B,2026-03-02,PE,24850,15:05,15:29,112475,112499,22.3,0.1,EOD,22.2,0.15,0.05,-0.1,
1020,Strategy B,2026-03-04,CE,24850,10:01,10:14,112546,112559,107.7,117.7,SL,-10.0,9.45,8.15,-1.3,
1021,Strategy B,2026-03-04,CE,24850,11:29,13:07,112634,112732,111.7,121.7,SL,-10.0,8.2,8.5,0.3,
1022,Strategy B,2026-03-04,PE,23850,11:07,11:28,112612,112633,142.0,152.0,SL,-10.0,,,0.0,no_hedge
1023,Strategy B,2026-03-04,PE,23850,12:09,12:29,112674,112694,142.0,152.0,SL,-10.0,,,0.0,no_hedge
1024,Strategy B,2026-03-04,PE,23850,12:55,15:29,112720,112874,142.6,137.3,EOD,5.3,,,0.0,no_hedge
1025,Strategy B,2026-03-05,CE,24900,09:27,09:49,112887,112909,103.55,113.55,SL,-10.0,6.25,5.3,-0.95,
1026,Strategy B,2026-03-05,CE,24900,10:21,10:42,112941,112962,98.25,108.25,SL,-10.0,5.05,4.75,-0.3,
1027,Strategy B,2026-03-05,CE,24900,11:37,12:30,113017,113070,91.7,106.2,SL,-14.5,4.2,4.1,-0.1,
1028,Strategy B,2026-03-05,PE,24200,09:53,10:25,112913,112945,108.45,118.45,SL,-10.0,23.7,25.55,1.85,
1029,Strategy B,2026-03-05,PE,24200,10:41,11:48,112961,113028,105.9,115.9,SL,-10.0,24.2,23.85,-0.35,
1030,Strategy B,2026-03-05,PE,24200,12:11,14:06,113051,113166,107.2,117.2,SL,-10.0,22.35,24.05,1.7,
1031,Strategy B,2026-03-06,CE,24850,10:03,10:09,113298,113304,110.75,120.75,SL,-10.0,4.0,3.85,-0.15,
1032,Strategy B,2026-03-06,CE,24850,10:33,15:29,113328,113624,112.2,65.0,EOD,47.2,3.5,3.25,-0.25,
1033,Strategy B,2026-03-06,PE,24350,09:39,10:36,113274,113331,110.05,120.05,SL,-10.0,17.4,16.6,-0.8,
1034,Strategy B,2026-03-06,PE,24350,11:41,12:16,113396,113431,108.6,118.6,SL,-10.0,15.6,15.2,-0.4,
1035,Strategy B,2026-03-09,CE,24100,09:27,09:30,113637,113640,86.15,101.15,SL,-15.0,6.75,6.95,0.2,
1036,Strategy B,2026-03-09,CE,24100,09:45,10:08,113655,113678,88.95,98.95,SL,-10.0,5.95,5.8,-0.15,
1037,Strategy B,2026-03-09,CE,24100,10:25,10:51,113695,113721,81.45,91.45,SL,-10.0,5.15,5.2,0.05,
1038,Strategy B,2026-03-09,PE,23500,10:11,10:15,113681,113685,112.85,122.85,SL,-10.0,,,0.0,no_hedge
1039,Strategy B,2026-03-09,PE,23500,10:29,15:29,113699,113999,114.2,50.0,EOD,64.2,,,0.0,no_hedge
1040,Strategy B,2026-03-10,CE,24200,09:21,10:15,114006,114060,72.8,72.8,SL,0.0,1.65,0.95,-0.7,
1041,Strategy B,2026-03-10,CE,24200,12:15,12:54,114180,114219,44.85,59.85,SL,-15.0,0.5,0.4,-0.1,
1042,Strategy B,2026-03-10,CE,24200,14:41,14:48,114326,114333,47.95,62.95,SL,-15.0,0.3,0.15,-0.15,
1043,Strategy B,2026-03-10,PE,24200,10:15,15:29,114060,114374,104.2,0.05,EOD,104.15,2.1,0.05,-2.05,
1044,Strategy B,2026-03-11,CE,24550,09:31,15:29,114391,114749,116.25,58.45,EOD,57.8,6.3,5.65,-0.65,
1045,Strategy B,2026-03-11,PE,23900,09:21,09:24,114381,114384,110.45,120.45,SL,-10.0,20.1,23.0,2.9,
1046,Strategy B,2026-03-12,CE,24000,09:23,09:31,114758,114766,113.5,123.9,SL,-10.4,9.05,10.2,1.15,
1047,Strategy B,2026-03-12,CE,24000,10:17,10:25,114812,114820,121.15,131.15,SL,-10.0,10.15,10.5,0.35,
1048,Strategy B,2026-03-12,CE,24000,12:53,13:25,114968,115000,129.9,139.9,SL,-10.0,8.45,8.4,-0.05,
1049,Strategy B,2026-03-12,PE,23100,09:53,15:29,114788,115124,113.85,84.15,EOD,29.7,25.0,13.45,-11.55,
1050,Strategy B,2026-03-13,CE,23750,09:45,15:29,115155,115499,104.45,58.0,EOD,46.45,7.25,6.65,-0.6,
1051,Strategy B,2026-03-13,PE,23100,09:39,09:45,115149,115155,103.8,113.8,SL,-10.0,12.55,14.0,1.45,
1052,Strategy B,2026-03-13,PE,23100,11:39,11:55,115269,115285,121.1,131.1,SL,-10.0,16.55,17.2,0.65,
1053,Strategy B,2026-03-16,CE,23300,10:11,11:19,115556,115624,124.7,124.7,SL,0.0,4.2,4.5,0.3,
1054,Strategy B,2026-03-16,CE,23300,12:45,13:02,115710,115727,104.6,114.6,SL,-10.0,3.5,3.8,0.3,
1055,Strategy B,2026-03-16,CE,23300,13:25,14:13,115750,115798,102.35,112.35,SL,-10.0,3.7,3.45,-0.25,
1056,Strategy B,2026-03-16,PE,23000,09:21,09:24,115506,115509,97.7,112.7,SL,-15.0,7.35,8.2,0.85,
1057,Strategy B,2026-03-16,PE,23000,09:35,09:59,115520,115544,88.1,102.4,SL,-14.3,7.6,7.35,-0.25,
1058,Strategy B,2026-03-16,PE,23000,11:21,11:48,115626,115653,104.9,119.9,SL,-15.0,6.9,8.05,1.15,
1059,Strategy B,2026-03-17,CE,23400,11:19,12:08,115999,116048,82.1,82.1,SL,0.0,0.6,0.5,-0.1,
1060,Strategy B,2026-03-17,CE,23400,12:17,12:35,116057,116075,59.25,74.25,SL,-15.0,0.5,0.35,-0.15,
1061,Strategy B,2026-03-17,PE,23400,09:41,11:21,115901,116001,61.0,61.0,SL,0.0,1.3,0.7,-0.6,
1062,Strategy B,2026-03-17,PE,23400,12:45,15:29,116085,116249,37.55,0.05,EOD,37.5,0.5,0.05,-0.45,
1063,Strategy B,2026-03-18,CE,23900,10:03,10:18,116298,116313,120.4,130.4,SL,-10.0,5.65,5.85,0.2,
1064,Strategy B,2026-03-18,CE,23900,15:21,15:29,116616,116624,138.75,137.25,EOD,1.5,5.45,5.7,0.25,
1065,Strategy B,2026-03-18,PE,23400,09:43,09:57,116278,116292,117.95,127.95,SL,-10.0,23.9,24.65,0.75,
1066,Strategy B,2026-03-18,PE,23400,10:27,15:29,116322,116624,114.65,102.35,EOD,12.3,22.85,20.0,-2.85,
1067,Strategy B,2026-03-19,CE,23550,09:47,10:39,116657,116709,102.5,112.5,SL,-10.0,6.4,6.1,-0.3,
1068,Strategy B,2026-03-19,CE,23550,11:13,15:29,116743,116999,98.35,83.85,EOD,14.5,6.0,6.3,0.3,
1069,Strategy B,2026-03-19,PE,22950,10:41,10:59,116711,116729,126.8,136.8,SL,-10.0,21.3,21.4,0.1,
1070,Strategy B,2026-03-19,PE,22950,12:19,12:21,116809,116811,126.45,136.45,SL,-10.0,20.0,21.8,1.8,
1071,Strategy B,2026-03-19,PE,22950,12:55,13:04,116845,116854,126.3,136.3,SL,-10.0,21.2,21.9,0.7,
1072,Strategy B,2026-03-20,CE,23550,10:19,10:26,117064,117071,107.9,117.9,SL,-10.0,5.0,5.15,0.15,
1073,Strategy B,2026-03-20,CE,23550,11:51,15:29,117156,117374,111.1,77.0,EOD,34.1,5.2,4.25,-0.95,
1074,Strategy B,2026-03-20,PE,22950,09:31,09:42,117016,117027,124.5,134.5,SL,-10.0,18.8,18.45,-0.35,
1075,Strategy B,2026-03-20,PE,22950,10:37,11:57,117082,117162,127.5,137.5,SL,-10.0,20.5,19.25,-1.25,
1076,Strategy B,2026-03-20,PE,22950,13:17,13:44,117242,117269,128.95,140.35,SL,-11.4,19.85,21.25,1.4,
1077,Strategy B,2026-03-23,CE,22900,09:49,15:29,117409,117749,108.75,55.2,EOD,53.55,4.84,4.4,-0.44,
1078,Strategy B,2026-03-23,PE,22400,13:49,14:32,117649,117692,144.55,157.3,SL,-12.75,12.9,15.1,2.2,
1079,Strategy B,2026-03-23,PE,22400,14:45,15:04,117705,117724,140.85,155.85,SL,-15.0,10.85,11.15,0.3,
1080,Strategy B,2026-03-24,CE,22800,09:23,09:24,117758,117759,95.3,110.3,SL,-15.0,1.55,1.5,-0.05,
1081,Strategy B,2026-03-24,CE,22800,09:43,11:47,117778,117902,76.9,76.9,SL,0.0,1.15,0.6,-0.55,
1082,Strategy B,2026-03-24,CE,22800,12:15,12:22,117930,117937,48.15,62.3,SL,-14.15,0.4,0.45,0.05,
1083,Strategy B,2026-03-24,PE,22800,11:35,15:29,117890,118124,108.45,0.05,EOD,108.4,1.1,0.05,-1.05,
1084,Strategy B,2026-03-25,CE,23600,14:31,14:33,118441,118443,144.8,154.8,SL,-10.0,10.05,10.6,0.55,
1085,Strategy B,2026-03-25,CE,23600,14:49,15:29,118459,118499,157.8,139.15,EOD,18.65,10.25,6.95,-3.3,
1086,Strategy B,2026-03-25,PE,22650,09:21,15:29,118131,118499,121.45,93.3,EOD,28.15,19.85,17.15,-2.7,
1087,Strategy B,2026-03-27,CE,23400,09:31,15:29,118516,118874,99.75,40.85,EOD,58.9,4.3,3.9,-0.4,
1088,Strategy B,2026-03-27,PE,22700,10:39,10:42,118584,118587,121.2,131.2,SL,-10.0,11.05,12.4,1.35,
1089,Strategy B,2026-03-27,PE,22700,12:51,13:03,118716,118728,123.1,133.1,SL,-10.0,8.3,9.0,0.7,
1090,Strategy B,2026-03-27,PE,22700,13:27,13:30,118752,118755,118.55,128.55,SL,-10.0,7.65,8.3,0.65,
1091,Strategy B,2026-03-30,CE,22500,10:25,12:03,118945,119043,117.65,117.65,SL,0.0,1.75,1.05,-0.7,
1092,Strategy B,2026-03-30,CE,22500,12:29,12:37,119069,119077,75.05,90.05,SL,-15.0,0.9,0.9,0.0,
1093,Strategy B,2026-03-30,CE,22500,12:51,15:29,119091,119249,84.65,0.05,EOD,84.6,0.9,0.05,-0.85,
1094,Strategy B,2026-03-30,PE,22500,09:31,10:13,118891,118933,87.7,87.7,SL,0.0,1.6,1.2,-0.4,
1095,Strategy B,2026-03-30,PE,22500,11:39,11:40,119019,119020,68.0,83.0,SL,-15.0,0.95,0.85,-0.1,
1096,Strategy B,2026-03-30,PE,22500,12:05,12:29,119045,119069,58.2,73.2,SL,-15.0,0.65,0.7,0.05,
1097,Strategy B,2026-04-01,CE,23300,09:37,09:49,119272,119284,135.85,145.85,SL,-10.0,13.4,12.15,-1.25,
1098,Strategy B,2026-04-01,CE,23300,10:23,15:29,119318,119624,131.55,99.75,EOD,31.8,10.05,8.7,-1.35,
1099,Strategy B,2026-04-01,PE,22300,09:23,09:33,119258,119268,114.0,124.0,SL,-10.0,20.7,23.8,3.1,
1100,Strategy B,2026-04-01,PE,22300,09:53,10:13,119288,119308,107.55,117.55,SL,-10.0,22.0,22.25,0.25,
1101,Strategy B,2026-04-01,PE,22300,10:21,10:23,119316,119318,112.65,122.65,SL,-10.0,21.45,22.95,1.5,
1102,Strategy B,2026-04-02,CE,22750,09:29,09:37,119639,119647,109.5,119.5,SL,-10.0,10.15,10.25,0.1,
1103,Strategy B,2026-04-02,CE,22750,09:51,12:36,119661,119826,111.3,121.3,SL,-10.0,10.15,8.9,-1.25,
1104,Strategy B,2026-04-02,PE,21750,11:47,15:29,119777,119999,127.6,45.0,EOD,82.6,19.05,6.95,-12.1,
1105,Strategy B,2026-04-06,CE,22900,09:29,09:33,120014,120018,96.25,106.7,SL,-10.45,3.15,3.15,0.0,
1106,Strategy B,2026-04-06,CE,22900,09:49,10:13,120034,120058,91.85,104.0,SL,-12.15,3.2,3.3,0.1,
1107,Strategy B,2026-04-06,CE,22900,11:01,11:50,120106,120155,90.45,102.6,SL,-12.15,3.1,3.1,0.0,
1108,Strategy B,2026-04-06,PE,22400,09:39,09:41,120024,120026,96.35,111.35,SL,-15.0,6.75,8.15,1.4,
1109,Strategy B,2026-04-06,PE,22400,10:35,11:03,120080,120108,106.15,119.0,SL,-12.85,5.7,5.85,0.15,
1110,Strategy B,2026-04-06,PE,22400,11:39,15:29,120144,120374,105.4,40.85,EOD,64.55,5.35,4.0,-1.35,
1111,Strategy B,2026-04-07,CE,22750,11:01,11:04,120481,120484,129.15,144.15,SL,-15.0,1.1,1.1,0.0,
1112,Strategy B,2026-04-07,PE,22750,09:27,09:43,120387,120403,62.15,77.15,SL,-15.0,1.55,1.15,-0.4,
1113,Strategy B,2026-04-07,PE,22750,09:57,15:29,120417,120749,55.45,0.05,EOD,55.4,1.0,0.05,-0.95,
1114,Strategy B,2026-04-08,CE,24200,10:15,10:33,120810,120828,102.85,112.85,SL,-10.0,5.95,6.35,0.4,
1115,Strategy B,2026-04-08,CE,24200,10:41,10:44,120836,120839,105.0,115.0,SL,-10.0,6.1,6.05,-0.05,
1116,Strategy B,2026-04-08,CE,24200,12:31,12:57,120946,120972,107.9,117.9,SL,-10.0,4.6,4.55,-0.05,
1117,Strategy B,2026-04-08,PE,23500,09:21,15:29,120756,121124,101.9,60.9,EOD,41.0,16.05,12.15,-3.9,
1118,Strategy B,2026-04-09,CE,24100,09:43,15:29,121153,121499,108.15,77.15,EOD,31.0,4.25,2.05,-2.2,
1119,Strategy B,2026-04-09,PE,23650,09:25,09:32,121135,121142,87.7,98.0,SL,-10.3,9.4,9.65,0.25,
1120,Strategy B,2026-04-09,PE,23650,11:39,12:46,121269,121336,113.7,123.7,SL,-10.0,9.1,9.55,0.45,
1121,Strategy B,2026-04-09,PE,23650,15:13,15:16,121483,121486,122.9,133.0,SL,-10.1,8.05,8.55,0.5,
1122,Strategy B,2026-04-10,CE,24050,11:49,11:57,121654,121662,113.3,123.3,SL,-10.0,2.15,2.15,0.0,
1123,Strategy B,2026-04-10,CE,24050,14:23,14:49,121808,121834,109.5,122.65,SL,-13.15,2.05,1.75,-0.3,
1124,Strategy B,2026-04-10,PE,23850,09:21,09:24,121506,121509,113.45,126.5,SL,-13.05,6.35,6.25,-0.1,
1125,Strategy B,2026-04-10,PE,23850,09:43,15:29,121528,121874,116.25,70.75,EOD,45.5,5.3,4.4,-0.9,
1126,Strategy B,2026-04-13,CE,23600,09:23,09:25,121883,121885,73.5,83.5,SL,-10.0,0.9,0.95,0.05,
1127,Strategy B,2026-04-13,PE,23600,09:57,15:29,121917,122249,52.9,0.05,EOD,52.85,1.05,0.05,-1.0,
1128,Strategy B,2026-04-15,CE,24500,09:29,10:06,122264,122301,102.75,112.75,SL,-10.0,2.8,2.6,-0.2,
1129,Strategy B,2026-04-15,CE,24500,11:07,15:29,122362,122624,103.65,98.15,EOD,5.5,2.4,2.2,-0.2,
1130,Strategy B,2026-04-15,PE,23950,10:07,11:00,122302,122355,118.4,128.4,SL,-10.0,13.3,13.5,0.2,
1131,Strategy B,2026-04-15,PE,23950,12:01,12:21,122416,122436,116.65,126.65,SL,-10.0,12.75,13.65,0.9,
1132,Strategy B,2026-04-15,PE,23950,12:27,12:53,122442,122468,118.3,128.3,SL,-10.0,13.25,14.25,1.0,
1133,Strategy B,2026-04-16,CE,24500,09:39,15:29,122649,122999,104.1,67.35,EOD,36.75,2.05,1.55,-0.5,
1134,Strategy B,2026-04-16,PE,24100,09:25,09:36,122635,122646,93.2,103.2,SL,-10.0,8.05,8.05,0.0,
1135,Strategy B,2026-04-16,PE,24100,11:09,11:16,122739,122746,104.0,114.0,SL,-10.0,7.6,8.1,0.5,
1136,Strategy B,2026-04-16,PE,24100,14:35,15:07,122945,122977,139.8,152.2,SL,-12.4,7.95,7.05,-0.9,
1137,Strategy B,2026-04-17,PE,24000,09:29,09:33,123014,123018,95.0,105.0,SL,-10.0,4.5,4.5,0.0,
1138,Strategy B,2026-04-17,PE,24000,09:51,15:29,123036,123374,96.15,50.7,EOD,45.45,4.2,3.3,-0.9,
1139,Strategy B,2026-04-20,CE,24300,09:47,09:54,123407,123414,124.35,139.35,SL,-15.0,1.55,1.45,-0.1,
1140,Strategy B,2026-04-20,CE,24300,15:15,15:29,123735,123749,164.05,133.55,EOD,30.5,1.1,0.95,-0.15,
1141,Strategy B,2026-04-20,PE,24200,09:25,09:32,123385,123392,73.8,83.8,SL,-10.0,2.65,2.6,-0.05,
1142,Strategy B,2026-04-20,PE,24200,10:09,15:16,123429,123736,72.55,82.55,SL,-10.0,2.3,1.65,-0.65,
1143,Strategy B,2026-04-21,PE,24450,09:21,15:29,123756,124124,66.05,0.05,EOD,66.0,1.1,0.05,-1.05,
1144,Strategy B,2026-04-22,CE,24750,09:25,15:29,124135,124499,101.7,78.8,EOD,22.9,3.1,2.25,-0.85,
1145,Strategy B,2026-04-22,PE,24150,10:53,11:10,124223,124240,127.9,137.9,SL,-10.0,11.65,11.9,0.25,
1146,Strategy B,2026-04-22,PE,24150,11:19,11:46,124249,124276,128.2,138.2,SL,-10.0,11.0,11.4,0.4,
1147,Strategy B,2026-04-22,PE,24150,11:55,15:10,124285,124480,126.8,136.8,SL,-10.0,10.45,9.35,-1.1,
1148,Strategy B,2026-04-23,CE,24400,10:37,13:24,124582,124749,118.25,128.25,SL,-10.0,3.4,3.35,-0.05,
1149,Strategy B,2026-04-23,CE,24400,13:43,13:56,124768,124781,101.8,111.8,SL,-10.0,3.35,3.6,0.25,
1150,Strategy B,2026-04-23,CE,24400,14:09,15:29,124794,124874,104.3,89.65,EOD,14.65,3.35,3.05,-0.3,
1151,Strategy B,2026-04-23,PE,23950,09:43,10:47,124528,124592,105.4,115.8,SL,-10.4,5.8,5.85,0.05,
1152,Strategy B,2026-04-23,PE,23950,11:55,12:30,124660,124695,98.5,108.5,SL,-10.0,5.05,5.1,0.05,
1153,Strategy B,2026-04-23,PE,23950,12:45,14:43,124710,124828,98.0,108.0,SL,-10.0,4.8,5.4,0.6,
1154,Strategy B,2026-04-24,CE,24250,09:21,15:29,124881,125249,110.25,64.75,EOD,45.5,2.85,3.45,0.6,
1155,Strategy B,2026-04-27,CE,24100,10:27,10:52,125322,125347,93.35,103.75,SL,-10.4,1.7,1.55,-0.15,
1156,Strategy B,2026-04-27,CE,24100,11:03,12:33,125358,125448,90.8,90.8,SL,0.0,1.45,1.35,-0.1,
1157,Strategy B,2026-04-27,PE,24000,09:23,09:33,125258,125268,81.1,96.1,SL,-15.0,2.0,1.85,-0.15,
1158,Strategy B,2026-04-27,PE,24000,09:49,10:31,125284,125326,69.5,84.5,SL,-15.0,1.85,1.75,-0.1,
1159,Strategy B,2026-04-27,PE,24000,10:51,11:08,125346,125363,67.0,82.0,SL,-15.0,1.65,1.65,0.0,
1160,Strategy B,2026-04-28,CE,24050,11:27,15:29,125757,125999,55.2,0.1,EOD,55.1,0.5,0.05,-0.45,
1161,Strategy B,2026-04-28,PE,24050,09:21,11:26,125631,125756,38.35,38.35,SL,0.0,0.75,0.45,-0.3,
1162,Strategy B,2026-04-28,PE,24050,14:51,14:57,125961,125967,18.4,32.85,SL,-14.45,0.15,0.05,-0.1,
1163,Strategy B,2026-04-29,CE,24300,13:49,13:53,126274,126278,181.75,191.9,SL,-10.15,4.8,4.9,0.1,
1164,Strategy B,2026-04-29,CE,24300,14:05,15:29,126290,126374,152.6,128.4,EOD,24.2,4.75,3.85,-0.9,
1165,Strategy B,2026-04-29,PE,23950,09:31,09:39,126016,126024,113.25,125.8,SL,-12.55,7.1,7.0,-0.1,
1166,Strategy B,2026-04-29,PE,23950,09:45,15:26,126030,126371,105.0,105.0,SL,0.0,6.7,5.6,-1.1,
1167,Strategy B,2026-04-30,CE,24100,09:21,12:57,126381,126597,107.95,121.0,SL,-13.05,4.2,3.95,-0.25,
1168,Strategy B,2026-04-30,PE,23800,12:15,15:29,126555,126749,135.85,79.6,EOD,56.25,6.2,4.7,-1.5,
1169,Strategy B,2026-05-04,CE,24300,10:13,10:48,126808,126843,88.05,103.05,SL,-15.0,1.8,1.65,-0.15,
1170,Strategy B,2026-05-04,CE,24300,10:59,11:14,126854,126869,86.15,97.15,SL,-11.0,1.6,1.55,-0.05,
1171,Strategy B,2026-05-04,CE,24300,11:55,15:29,126910,127124,92.45,52.15,EOD,40.3,1.5,1.05,-0.45,
1172,Strategy B,2026-05-04,PE,24200,09:31,09:32,126766,126767,92.9,107.9,SL,-15.0,2.7,3.05,0.35,
1173,Strategy B,2026-05-04,PE,24200,09:39,09:53,126774,126788,76.0,91.0,SL,-15.0,2.6,2.45,-0.15,
1174,Strategy B,2026-05-04,PE,24200,10:01,10:02,126796,126797,77.45,90.9,SL,-13.45,2.45,2.45,0.0,
1175,Strategy B,2026-05-05,CE,24050,09:29,09:31,127139,127141,39.0,54.0,SL,-15.0,0.7,0.7,0.0,
1176,Strategy B,2026-05-05,CE,24050,10:07,13:07,127177,127357,32.8,46.6,SL,-13.8,0.7,0.2,-0.5,
1177,Strategy B,2026-05-05,CE,24050,14:05,14:28,127415,127438,20.65,30.65,SL,-10.0,0.2,0.15,-0.05,
1178,Strategy B,2026-05-05,PE,24050,09:37,09:38,127147,127148,60.2,75.2,SL,-15.0,0.65,0.6,-0.05,
1179,Strategy B,2026-05-05,PE,24050,09:53,10:02,127163,127172,58.65,73.45,SL,-14.8,0.55,0.55,0.0,
1180,Strategy B,2026-05-05,PE,24050,12:53,15:29,127343,127499,69.2,17.55,EOD,51.65,0.3,0.05,-0.25,
1181,Strategy B,2026-05-06,CE,24400,09:41,14:17,127526,127802,107.05,107.05,SL,0.0,2.4,2.25,-0.15,
1182,Strategy B,2026-05-06,PE,24050,13:37,15:29,127762,127874,149.2,62.55,EOD,86.65,7.25,4.6,-2.65,
1183,Strategy B,2026-05-07,CE,24500,10:13,10:17,127933,127937,106.15,116.15,SL,-10.0,2.55,2.5,-0.05,
1184,Strategy B,2026-05-07,CE,24500,10:59,12:03,127979,128043,113.15,123.15,SL,-10.0,2.3,2.7,0.4,
1185,Strategy B,2026-05-07,CE,24500,13:39,13:55,128139,128155,117.6,127.6,SL,-10.0,3.3,3.5,0.2,
1186,Strategy B,2026-05-07,PE,24250,09:43,09:49,127903,127909,111.2,126.2,SL,-15.0,5.35,5.5,0.15,
1187,Strategy B,2026-05-07,PE,24250,12:03,12:33,128043,128073,124.4,135.2,SL,-10.8,5.6,5.5,-0.1,
1188,Strategy B,2026-05-07,PE,24250,12:39,12:56,128079,128096,102.95,117.95,SL,-15.0,5.1,5.0,-0.1,
1189,Strategy B,2026-05-08,CE,24300,09:43,10:00,128278,128295,118.65,128.65,SL,-10.0,3.05,3.0,-0.05,
1190,Strategy B,2026-05-08,CE,24300,10:09,10:14,128304,128309,122.75,132.75,SL,-10.0,2.9,3.0,0.1,
1191,Strategy B,2026-05-08,CE,24300,11:29,14:40,128384,128575,119.3,129.3,SL,-10.0,2.95,2.85,-0.1,
1192,Strategy B,2026-05-08,PE,24100,10:23,11:30,128318,128385,104.9,115.3,SL,-10.4,2.5,2.45,-0.05,
1193,Strategy B,2026-05-08,PE,24100,11:43,12:02,128398,128417,103.8,113.8,SL,-10.0,2.5,2.6,0.1,
1194,Strategy B,2026-05-08,PE,24100,14:37,15:29,128572,128624,96.0,92.45,EOD,3.55,2.4,1.65,-0.75,
1195,Strategy B,2026-05-11,CE,24000,09:37,11:42,128647,128772,89.35,100.6,SL,-11.25,1.9,1.95,0.05,
1196,Strategy B,2026-05-11,CE,24000,13:07,13:09,128857,128859,72.4,84.7,SL,-12.3,1.8,1.8,0.0,
1197,Strategy B,2026-05-11,CE,24000,14:25,15:29,128935,128999,81.0,37.75,EOD,43.25,1.5,1.75,0.25,
1198,Strategy B,2026-05-11,PE,23950,11:13,13:05,128743,128855,121.4,121.4,SL,0.0,1.55,1.5,-0.05,
1199,Strategy B,2026-05-11,PE,23950,13:11,14:16,128861,128926,101.8,101.8,SL,0.0,1.35,1.5,0.15,
1200,Strategy B,2026-05-11,PE,23950,14:35,14:38,128945,128948,96.6,107.25,SL,-10.65,1.4,1.4,0.0,
1201,Strategy B,2026-05-12,CE,23700,09:27,15:29,129012,129374,47.2,0.05,EOD,47.15,1.2,0.05,-1.15,
1202,Strategy B,2026-05-13,CE,23750,09:33,09:55,129393,129415,97.65,107.65,SL,-10.0,6.2,6.3,0.1,
1203,Strategy B,2026-05-13,CE,23750,11:07,11:36,129487,129516,101.6,111.6,SL,-10.0,5.9,6.05,0.15,
1204,Strategy B,2026-05-13,CE,23750,15:01,15:29,129721,129749,103.4,99.7,EOD,3.7,5.0,4.85,-0.15,
1205,Strategy B,2026-05-13,PE,23150,10:17,10:59,129437,129479,123.7,136.3,SL,-12.6,15.85,16.75,0.9,
1206,Strategy B,2026-05-13,PE,23150,11:11,15:29,129491,129749,123.95,100.95,EOD,23.0,15.25,9.95,-5.3,
1207,Strategy B,2026-05-14,CE,23750,09:41,11:27,129776,129882,105.5,105.5,SL,0.0,3.65,3.75,0.1,
1208,Strategy B,2026-05-14,CE,23750,15:07,15:26,130102,130121,139.95,153.45,SL,-13.5,3.05,2.9,-0.15,
1209,Strategy B,2026-05-14,PE,23350,10:35,10:43,129830,129838,115.2,125.2,SL,-10.0,6.65,6.85,0.2,
1210,Strategy B,2026-05-14,PE,23350,11:23,15:29,129878,130124,108.85,53.6,EOD,55.25,6.55,4.05,-2.5,
1211,Strategy B,2026-05-15,CE,23850,11:07,12:06,130237,130296,122.7,122.7,SL,0.0,2.65,2.55,-0.1,
1212,Strategy B,2026-05-15,CE,23850,12:15,12:45,130305,130335,114.65,124.65,SL,-10.0,2.45,2.4,-0.05,
1213,Strategy B,2026-05-15,CE,23850,13:27,15:29,130377,130499,115.1,77.95,EOD,37.15,2.4,2.3,-0.1,
1214,Strategy B,2026-05-15,PE,23600,09:29,09:35,130139,130145,100.4,114.25,SL,-13.85,5.5,5.3,-0.2,
1215,Strategy B,2026-05-15,PE,23600,09:43,11:06,130153,130236,95.7,106.8,SL,-11.1,4.9,5.7,0.8,
1216,Strategy B,2026-05-15,PE,23600,12:45,13:39,130335,130389,95.3,105.3,SL,-10.0,4.4,4.95,0.55,
1217,Strategy B,2026-05-18,CE,23450,09:31,10:35,130516,130580,102.45,112.65,SL,-10.2,1.9,1.95,0.05,
1218,Strategy B,2026-05-18,PE,23350,10:51,15:29,130596,130874,97.05,25.45,EOD,71.6,2.1,2.1,0.0,
1219,Strategy B,2026-05-19,CE,23700,09:37,09:38,130897,130898,56.75,71.75,SL,-15.0,0.7,0.65,-0.05,
1220,Strategy B,2026-05-19,CE,23700,09:53,10:05,130913,130925,60.15,73.65,SL,-13.5,0.6,0.55,-0.05,
1221,Strategy B,2026-05-19,CE,23700,11:17,11:40,130997,131020,53.9,68.9,SL,-15.0,0.5,0.45,-0.05,
1222,Strategy B,2026-05-19,PE,23700,09:23,09:33,130883,130893,49.1,63.0,SL,-13.9,1.3,1.2,-0.1,
1223,Strategy B,2026-05-19,PE,23700,09:45,09:48,130905,130908,41.95,56.95,SL,-15.0,1.05,0.9,-0.15,
1224,Strategy B,2026-05-19,PE,23700,10:11,11:15,130931,130995,42.5,57.15,SL,-14.65,0.9,0.75,-0.15,
1225,Strategy B,2026-05-20,PE,23150,09:33,15:29,131268,131624,103.05,50.0,EOD,53.05,7.5,4.95,-2.55,
1226,Strategy B,2026-05-21,CE,23950,09:29,09:53,131639,131663,98.15,108.15,SL,-10.0,2.35,2.25,-0.1,
1227,Strategy B,2026-05-21,CE,23950,10:07,15:29,131677,131999,92.75,58.15,EOD,34.6,2.2,2.55,0.35,
1228,Strategy B,2026-05-21,PE,23650,09:47,10:07,131657,131677,122.1,134.3,SL,-12.2,6.8,6.85,0.05,
1229,Strategy B,2026-05-21,PE,23650,10:23,10:25,131693,131695,119.95,129.95,SL,-10.0,6.0,6.2,0.2,
1230,Strategy B,2026-05-22,CE,23800,12:31,12:43,132196,132208,134.0,144.0,SL,-10.0,2.35,2.35,0.0,
1231,Strategy B,2026-05-22,CE,23800,14:03,15:29,132288,132374,134.4,129.0,EOD,5.4,2.45,3.2,0.75,
1232,Strategy B,2026-05-22,PE,23600,09:25,14:30,132010,132315,95.35,95.35,SL,0.0,3.55,2.9,-0.65,
1233,Strategy B,2026-05-22,PE,23600,15:25,15:29,132370,132374,72.5,70.95,EOD,1.55,2.8,2.65,-0.15,
1234,Strategy B,2026-05-25,CE,23950,09:39,10:17,132399,132437,110.2,120.2,SL,-10.0,1.35,1.35,0.0,
1235,Strategy B,2026-05-25,CE,23950,11:31,11:40,132511,132520,112.45,122.45,SL,-10.0,1.3,1.25,-0.05,
1236,Strategy B,2026-05-25,CE,23950,12:05,14:37,132545,132697,109.3,119.3,SL,-10.0,1.3,1.25,-0.05,
1237,Strategy B,2026-05-25,PE,23950,10:19,12:47,132439,132587,79.25,92.65,SL,-13.4,1.85,1.8,-0.05,
1238,Strategy B,2026-05-25,PE,23950,13:17,15:29,132617,132749,74.15,29.9,EOD,44.25,1.75,2.45,0.7,
1239,Strategy B,2026-05-26,CE,24000,11:31,11:34,132886,132889,55.05,70.05,SL,-15.0,0.6,0.55,-0.05,
1240,Strategy B,2026-05-26,CE,24000,11:59,15:29,132914,133124,57.65,0.05,EOD,57.6,0.55,0.05,-0.5,
1241,Strategy B,2026-05-26,PE,24000,09:39,09:57,132774,132792,28.85,43.85,SL,-15.0,1.05,0.9,-0.15,
1242,Strategy B,2026-05-26,PE,24000,10:11,12:45,132806,132960,25.6,36.95,SL,-11.35,0.75,0.6,-0.15,
1243,Strategy B,2026-05-27,CE,24100,09:31,10:16,133141,133186,93.2,103.2,SL,-10.0,2.15,1.8,-0.35,
1244,Strategy B,2026-05-27,CE,24100,11:53,15:29,133283,133499,94.65,96.15,EOD,-1.5,1.6,2.15,0.55,
1245,Strategy B,2026-05-27,PE,23800,09:21,09:30,133131,133140,104.4,118.65,SL,-14.25,3.3,3.0,-0.3,
1246,Strategy B,2026-05-27,PE,23800,10:09,12:30,133179,133320,91.15,102.75,SL,-11.6,2.6,2.7,0.1,
1247,Strategy B,2026-05-27,PE,23800,12:37,13:01,133327,133351,90.75,100.75,SL,-10.0,2.5,2.4,-0.1,
1248,Strategy B,2026-05-29,CE,24050,09:29,10:05,133514,133550,90.85,105.6,SL,-14.75,2.1,1.8,-0.3,
1249,Strategy B,2026-05-29,CE,24050,10:47,15:29,133592,133874,90.55,42.0,EOD,48.55,1.85,2.45,0.6,
1250,Strategy B,2026-05-29,PE,23950,09:21,09:25,133506,133510,112.75,124.6,SL,-11.85,2.45,2.45,0.0,
1251,Strategy B,2026-05-29,PE,23950,10:07,10:45,133552,133590,116.4,131.4,SL,-15.0,2.4,2.35,-0.05,
1252,Strategy B,2026-05-29,PE,23950,11:55,11:56,133660,133661,119.3,129.3,SL,-10.0,2.15,2.15,0.0,
1253,Strategy B,2026-06-01,CE,23650,09:23,11:18,133883,133998,107.35,107.35,SL,0.0,1.6,1.45,-0.15,
1254,Strategy B,2026-06-01,CE,23650,11:27,15:29,134007,134249,81.45,21.3,EOD,60.15,1.45,1.55,0.1,
1255,Strategy B,2026-06-01,PE,23650,11:11,11:24,133991,134004,107.0,120.55,SL,-13.55,1.5,1.45,-0.05,
1256,Strategy B,2026-06-02,CE,23250,10:17,10:18,134312,134313,60.4,75.4,SL,-15.0,0.8,0.8,0.0,
1257,Strategy B,2026-06-02,CE,23250,11:09,11:12,134364,134367,73.65,83.65,SL,-10.0,0.65,0.65,0.0,
1258,Strategy B,2026-06-02,CE,23250,11:49,12:33,134404,134448,68.25,83.25,SL,-15.0,0.4,0.35,-0.05,
1259,Strategy B,2026-06-02,PE,23250,09:27,15:29,134262,134624,37.8,0.05,EOD,37.75,0.7,0.05,-0.65,
1260,Strategy B,2026-06-03,CE,23550,09:27,12:32,134637,134822,107.95,107.95,SL,0.0,4.4,4.65,0.25,
1261,Strategy B,2026-06-03,PE,23200,12:33,15:29,134823,134999,133.2,86.1,EOD,47.1,7.1,5.75,-1.35,
1262,Strategy B,2026-06-04,CE,23550,11:21,11:35,135126,135140,116.55,126.55,SL,-10.0,5.0,5.05,0.05,
1263,Strategy B,2026-06-04,CE,23550,12:35,14:01,135200,135286,114.7,114.7,SL,0.0,4.75,4.55,-0.2,
1264,Strategy B,2026-06-04,CE,23550,14:21,14:26,135306,135311,110.5,120.5,SL,-10.0,4.2,4.25,0.05,
1265,Strategy B,2026-06-04,PE,23200,09:47,13:14,135032,135239,94.15,94.15,SL,0.0,4.35,4.4,0.05,
1266,Strategy B,2026-06-04,PE,23200,14:07,15:29,135292,135374,66.8,49.75,EOD,17.05,3.25,2.35,-0.9,
1267,Strategy B,2026-06-05,CE,23600,09:59,10:03,135419,135423,109.45,119.45,SL,-10.0,3.35,3.05,-0.3,
1268,Strategy B,2026-06-05,CE,23600,10:33,11:06,135453,135486,98.3,112.0,SL,-13.7,2.7,2.8,0.1,
1269,Strategy B,2026-06-05,CE,23600,11:21,12:26,135501,135566,85.9,100.4,SL,-14.5,2.7,2.6,-0.1,
1270,Strategy B,2026-06-05,PE,23400,10:11,10:15,135431,135435,89.15,104.15,SL,-15.0,3.1,3.15,0.05,
1271,Strategy B,2026-06-05,PE,23400,10:25,10:32,135445,135452,94.75,107.5,SL,-12.75,2.55,2.7,0.15,
1272,Strategy B,2026-06-05,PE,23400,12:25,12:31,135565,135571,105.1,115.1,SL,-10.0,2.5,2.6,0.1,
1273,Strategy B,2026-06-08,CE,23150,13:45,15:29,136020,136124,128.15,78.0,EOD,50.15,2.05,1.4,-0.65,
1274,Strategy B,2026-06-08,PE,23100,09:31,09:37,135766,135772,85.7,96.5,SL,-10.8,1.5,1.45,-0.05,
1275,Strategy B,2026-06-08,PE,23100,09:47,09:49,135782,135784,81.7,94.8,SL,-13.1,1.5,1.4,-0.1,
1276,Strategy B,2026-06-08,PE,23100,09:57,10:05,135792,135800,76.3,87.35,SL,-11.05,1.45,1.45,0.0,
1277,Strategy B,2026-06-09,CE,23250,09:45,14:54,136155,136464,33.4,33.4,SL,0.0,0.7,0.05,-0.65,
1278,Strategy B,2026-06-09,CE,23250,15:13,15:29,136483,136499,5.35,0.1,EOD,5.25,0.05,0.05,0.0,
1279,Strategy B,2026-06-09,PE,23250,09:21,09:44,136131,136154,63.75,78.75,SL,-15.0,0.75,0.7,-0.05,
1280,Strategy B,2026-06-09,PE,23250,12:17,13:56,136307,136406,73.2,73.2,SL,0.0,0.45,0.15,-0.3,
1281,Strategy B,2026-06-09,PE,23250,14:07,15:29,136417,136499,58.0,7.55,EOD,50.45,0.2,0.05,-0.15,
1282,Strategy B,2026-06-10,CE,23500,10:23,10:35,136568,136580,110.0,120.0,SL,-10.0,2.95,2.95,0.0,
1283,Strategy B,2026-06-10,CE,23500,12:41,12:59,136706,136724,117.9,127.9,SL,-10.0,3.05,3.1,0.05,
1284,Strategy B,2026-06-10,CE,23500,13:43,15:29,136768,136874,114.35,66.45,EOD,47.9,2.95,2.7,-0.25,
1285,Strategy B,2026-06-10,PE,23150,09:25,14:15,136510,136800,109.1,109.1,SL,0.0,5.15,4.85,-0.3,
1286,Strategy B,2026-06-11,CE,23200,10:05,10:06,136925,136926,118.75,130.45,SL,-11.7,3.15,3.15,0.0,
1287,Strategy B,2026-06-11,CE,23200,14:45,15:29,137205,137249,148.55,149.5,EOD,-0.95,2.45,2.15,-0.3,
1288,Strategy B,2026-06-11,PE,23000,09:45,10:04,136905,136924,98.4,109.7,SL,-11.3,3.8,3.85,0.05,
1289,Strategy B,2026-06-11,PE,23000,10:19,15:05,136939,137225,86.55,86.55,SL,0.0,3.55,2.4,-1.15,
1290,Strategy B,2026-06-11,PE,23000,15:27,15:29,137247,137249,72.6,74.15,EOD,-1.55,2.15,2.3,0.15,
1291,Strategy B,2026-06-12,CE,23500,09:33,13:32,137268,137507,94.3,94.3,SL,0.0,1.65,1.95,0.3,
1292,Strategy B,2026-06-12,PE,23400,13:33,15:29,137508,137624,108.85,49.5,EOD,59.35,2.7,4.25,1.55,
1293,Strategy B,2026-06-15,CE,23950,09:21,09:45,137631,137655,93.15,106.3,SL,-13.15,1.25,1.4,0.15,
1294,Strategy B,2026-06-15,CE,23950,10:09,10:29,137679,137699,90.45,100.45,SL,-10.0,1.7,1.6,-0.1,
1295,Strategy B,2026-06-15,CE,23950,12:07,15:29,137797,137999,96.6,52.0,EOD,44.6,1.7,1.3,-0.4,
1296,Strategy B,2026-06-15,PE,23950,10:31,12:10,137701,137800,95.15,106.55,SL,-11.4,2.75,2.7,-0.05,
1297,Strategy B,2026-06-15,PE,23950,14:49,14:50,137959,137960,94.1,104.1,SL,-10.0,1.95,1.95,0.0,
1298,Strategy B,2026-06-16,CE,23900,09:45,09:46,138030,138031,56.35,66.35,SL,-10.0,0.65,0.65,0.0,
1299,Strategy B,2026-06-16,CE,23900,11:13,11:16,138118,138121,56.45,66.45,SL,-10.0,0.5,0.45,-0.05,
1300,Strategy B,2026-06-16,CE,23900,11:21,11:25,138126,138130,50.0,63.95,SL,-13.95,0.5,0.45,-0.05,
1301,Strategy B,2026-06-16,PE,23900,09:31,10:04,138016,138049,35.35,45.35,SL,-10.0,0.95,0.9,-0.05,
1302,Strategy B,2026-06-16,PE,23900,10:21,15:29,138066,138374,29.55,0.05,EOD,29.5,0.8,0.05,-0.75,
1303,Strategy B,2026-06-17,CE,24100,11:59,15:00,138539,138720,133.6,143.6,SL,-10.0,3.55,3.25,-0.3,
1304,Strategy B,2026-06-17,PE,23900,09:39,15:29,138399,138749,107.6,77.25,EOD,30.35,4.75,4.25,-0.5,
1305,Strategy B,2026-06-18,CE,24100,09:37,09:41,138772,138776,114.7,124.7,SL,-10.0,2.55,2.5,-0.05,
1306,Strategy B,2026-06-18,CE,24100,10:31,12:30,138826,138945,121.7,131.7,SL,-10.0,2.55,2.4,-0.15,
1307,Strategy B,2026-06-18,CE,24100,14:19,14:46,139054,139081,108.1,118.1,SL,-10.0,2.25,1.9,-0.35,
1308,Strategy B,2026-06-18,PE,24000,09:47,10:39,138782,138834,82.55,92.55,SL,-10.0,3.0,3.0,0.0,
1309,Strategy B,2026-06-18,PE,24000,12:09,15:29,138924,139124,91.45,47.5,EOD,43.95,2.8,2.4,-0.4,
1310,Strategy B,2026-06-19,CE,24000,10:33,14:13,139203,139423,112.45,122.45,SL,-10.0,2.5,2.15,-0.35,
1311,Strategy B,2026-06-19,CE,24000,14:57,15:00,139467,139470,83.35,98.35,SL,-15.0,2.1,1.8,-0.3,
1312,Strategy B,2026-06-19,PE,23950,10:15,10:22,139185,139192,90.9,100.9,SL,-10.0,2.35,2.3,-0.05,
1313,Strategy B,2026-06-19,PE,23950,12:17,12:43,139307,139333,101.3,111.3,SL,-10.0,2.3,2.35,0.05,
1314,Strategy B,2026-06-19,PE,23950,13:49,14:53,139399,139463,103.45,103.45,SL,0.0,2.25,1.9,-0.35,
1315,Strategy B,2026-06-22,CE,24100,09:49,09:56,139534,139541,85.5,95.5,SL,-10.0,1.0,1.1,0.1,
1316,Strategy B,2026-06-22,CE,24100,12:15,15:29,139680,139874,88.75,66.45,EOD,22.3,1.05,0.65,-0.4,
1317,Strategy B,2026-06-22,PE,24100,09:55,15:29,139540,139874,66.55,57.8,EOD,8.75,1.3,0.8,-0.5,
1318,Strategy B,2026-06-23,CE,24050,10:59,11:14,139979,139994,66.3,76.3,SL,-10.0,0.55,0.5,-0.05,
1319,Strategy B,2026-06-23,CE,24050,11:37,15:29,140017,140249,64.65,0.1,EOD,64.55,0.45,0.05,-0.4,
1320,Strategy B,2026-06-23,PE,24050,09:31,11:45,139891,140025,19.6,29.6,SL,-10.0,0.65,0.4,-0.25,
1321,Strategy B,2026-06-24,CE,23950,09:49,10:02,140284,140297,104.45,116.75,SL,-12.3,3.45,3.6,0.15,
1322,Strategy B,2026-06-24,PE,23750,09:23,09:47,140258,140282,98.9,108.9,SL,-10.0,4.65,4.7,0.05,
1323,Strategy B,2026-06-24,PE,23750,10:09,15:29,140304,140624,86.2,40.95,EOD,45.25,4.15,5.4,1.25,
1324,Strategy B,2026-06-25,CE,24150,14:09,15:29,140919,140999,127.6,78.95,EOD,48.65,1.5,1.25,-0.25,
1325,Strategy B,2026-06-25,PE,24100,09:25,09:32,140635,140642,90.0,102.0,SL,-12.0,4.25,4.4,0.15,
1326,Strategy B,2026-06-25,PE,24100,09:47,14:14,140657,140924,85.5,85.5,SL,0.0,4.55,4.0,-0.55,
1327,Strategy B,2026-06-29,CE,24100,09:31,09:43,141016,141028,70.3,82.3,SL,-12.0,1.05,1.0,-0.05,
1328,Strategy B,2026-06-29,CE,24100,10:55,11:02,141100,141107,66.2,77.0,SL,-10.8,1.05,1.05,0.0,
1329,Strategy B,2026-06-29,CE,24100,11:15,15:29,141120,141374,73.2,32.5,EOD,40.7,0.95,1.1,0.15,
1330,Strategy B,2026-06-29,PE,24100,09:45,09:56,141030,141041,86.55,101.55,SL,-15.0,1.85,1.8,-0.05,
1331,Strategy B,2026-06-29,PE,24100,10:27,10:50,141072,141095,74.2,89.2,SL,-15.0,1.9,1.75,-0.15,
1332,Strategy B,2026-06-30,CE,23950,09:21,11:23,141381,141503,58.25,58.25,SL,0.0,1.15,0.7,-0.45,
1333,Strategy B,2026-06-30,CE,23950,12:19,12:38,141559,141578,33.15,43.15,SL,-10.0,0.55,0.45,-0.1,
1334,Strategy B,2026-06-30,CE,23950,13:09,13:42,141609,141642,33.45,43.45,SL,-10.0,0.4,0.35,-0.05,
1335,Strategy B,2026-06-30,PE,23950,10:51,10:57,141471,141477,65.7,80.7,SL,-15.0,0.9,0.85,-0.05,
1336,Strategy B,2026-06-30,PE,23950,11:23,11:35,141503,141515,47.45,57.75,SL,-10.3,0.7,0.6,-0.1,
1337,Strategy B,2026-06-30,PE,23950,11:41,11:44,141521,141524,41.9,56.9,SL,-15.0,0.55,0.55,0.0,
1338,Strategy B,2026-07-01,CE,24050,14:39,14:59,142074,142094,138.9,148.9,SL,-10.0,2.5,2.35,-0.15,
1339,Strategy B,2026-07-01,CE,24050,15:07,15:29,142102,142124,135.9,126.1,EOD,9.8,2.35,2.1,-0.25,
1340,Strategy B,2026-07-01,PE,23800,09:31,09:34,141766,141769,95.0,105.0,SL,-10.0,3.55,3.6,0.05,
1341,Strategy B,2026-07-01,PE,23800,09:41,15:29,141776,142124,91.25,62.6,EOD,28.65,3.55,2.85,-0.7,
1342,Strategy B,2026-07-02,CE,24150,10:07,12:39,142177,142329,110.15,122.9,SL,-12.75,1.75,1.65,-0.1,
1343,Strategy B,2026-07-02,CE,24150,12:57,13:07,142347,142357,107.5,117.5,SL,-10.0,1.6,1.65,0.05,
1344,Strategy B,2026-07-02,PE,24050,09:25,10:08,142135,142178,89.25,99.45,SL,-10.2,4.1,3.7,-0.4,
1345,Strategy B,2026-07-02,PE,24050,10:45,11:10,142215,142240,89.2,99.2,SL,-10.0,3.3,3.05,-0.25,
1346,Strategy B,2026-07-02,PE,24050,11:57,15:29,142287,142499,93.15,56.9,EOD,36.25,3.05,2.35,-0.7,
1347,Strategy B,2026-07-03,CE,24300,10:17,10:24,142562,142569,120.65,130.65,SL,-10.0,1.4,1.35,-0.05,
1348,Strategy B,2026-07-03,CE,24300,11:13,11:41,142618,142646,121.5,131.5,SL,-10.0,1.25,1.2,-0.05,
1349,Strategy B,2026-07-03,CE,24300,12:43,15:29,142708,142874,124.25,78.9,EOD,45.35,1.25,0.9,-0.35,
1350,Strategy B,2026-07-03,PE,24300,09:27,13:13,142512,142738,79.9,89.9,SL,-10.0,2.55,2.4,-0.15,
1351,Strategy B,2026-07-06,CE,24350,14:49,14:53,143209,143213,81.65,91.65,SL,-10.0,0.75,0.6,-0.15,
1352,Strategy B,2026-07-06,PE,24350,09:31,15:29,142891,143249,68.05,32.65,EOD,35.4,1.5,1.4,-0.1,
1353,Strategy B,2026-07-07,CE,24450,09:27,09:46,143262,143281,37.55,47.55,SL,-10.0,0.6,0.6,0.0,
1354,Strategy B,2026-07-07,CE,24450,12:39,15:29,143454,143624,28.9,0.05,EOD,28.85,0.4,0.05,-0.35,
1355,Strategy B,2026-07-07,PE,24450,09:47,15:02,143282,143597,36.5,36.5,SL,0.0,0.95,0.1,-0.85,
1356,Strategy B,2026-07-08,CE,24350,09:29,10:38,143639,143708,89.9,99.9,SL,-10.0,2.2,1.9,-0.3,
1357,Strategy B,2026-07-08,CE,24350,11:43,15:29,143773,143999,91.0,38.55,EOD,52.45,2.0,2.15,0.15,
1358,Strategy B,2026-07-08,PE,24200,09:53,10:06,143663,143676,129.55,139.55,SL,-10.0,3.95,4.0,0.05,
1359,Strategy B,2026-07-08,PE,24200,10:37,11:57,143707,143787,121.8,131.8,SL,-10.0,3.6,3.45,-0.15,
1360,Strategy B,2026-07-08,PE,24200,13:07,13:10,143857,143860,122.85,132.85,SL,-10.0,2.95,3.15,0.2,
1361,Strategy B,2026-07-09,CE,24050,10:37,10:41,144082,144086,125.7,138.4,SL,-12.7,2.45,2.8,0.35,
1362,Strategy B,2026-07-09,CE,24050,10:53,11:24,144098,144129,125.3,140.3,SL,-15.0,2.35,2.15,-0.2,
1363,Strategy B,2026-07-09,CE,24050,12:41,12:54,144206,144219,129.85,141.6,SL,-11.75,2.15,2.15,0.0,
1364,Strategy B,2026-07-09,PE,23850,09:25,10:49,144010,144094,81.5,81.5,SL,0.0,5.7,5.3,-0.4,
1365,Strategy B,2026-07-09,PE,23850,11:25,15:02,144130,144347,69.25,79.25,SL,-10.0,5.05,4.05,-1.0,
1366,Strategy B,2026-07-10,CE,24200,11:09,14:48,144489,144708,103.0,113.0,SL,-10.0,1.25,1.05,-0.2,
1367,Strategy B,2026-07-10,CE,24200,15:21,15:22,144741,144742,92.5,102.5,SL,-10.0,0.9,0.95,0.05,
1368,Strategy B,2026-07-10,PE,24150,09:25,15:29,144385,144749,101.55,70.6,EOD,30.95,3.75,3.15,-0.6,
1369,Strategy B,2026-07-13,PE,24050,09:41,15:29,144776,145124,90.35,34.55,EOD,55.8,2.0,2.1,0.1,
1370,Strategy B,2026-07-14,CE,24100,09:41,10:56,145151,145226,47.35,62.35,SL,-15.0,0.65,0.45,-0.2,
1371,Strategy B,2026-07-14,CE,24100,11:43,11:51,145273,145281,36.75,46.75,SL,-10.0,0.4,0.35,-0.05,
1372,Strategy B,2026-07-14,CE,24100,11:57,15:29,145287,145499,32.45,0.05,EOD,32.4,0.35,0.05,-0.3,
1373,Strategy B,2026-07-14,PE,24100,09:21,09:41,145131,145151,56.45,71.45,SL,-15.0,1.0,0.8,-0.2,
1374,Strategy B,2026-07-14,PE,24100,10:51,12:15,145221,145305,45.5,55.5,SL,-10.0,0.75,0.55,-0.2,
1375,Strategy B,2026-07-14,PE,24100,12:57,12:59,145347,145349,42.7,53.5,SL,-10.8,0.45,0.45,0.0,
1376,Strategy B,2026-07-15,CE,24200,11:01,11:32,145606,145637,142.5,152.5,SL,-10.0,2.35,2.5,0.15,
1377,Strategy B,2026-07-15,CE,24200,11:45,15:29,145650,145874,134.4,90.9,EOD,43.5,2.4,2.15,-0.25,
1378,Strategy B,2026-07-15,PE,24000,09:21,12:55,145506,145720,100.9,115.9,SL,-15.0,4.9,5.05,0.15,
1379,Strategy B,2026-07-16,CE,24200,09:29,10:50,145889,145970,102.25,112.25,SL,-10.0,1.5,1.3,-0.2,
1380,Strategy B,2026-07-16,CE,24200,11:59,15:29,146039,146249,105.6,78.5,EOD,27.1,1.35,1.05,-0.3,
1381,Strategy B,2026-07-16,PE,24100,10:47,13:00,145967,146100,108.9,118.9,SL,-10.0,4.0,4.1,0.1,
1382,Strategy B,2026-07-17,CE,24200,13:47,13:59,146522,146534,118.25,128.25,SL,-10.0,1.1,0.95,-0.15,
1383,Strategy B,2026-07-17,PE,24100,09:21,15:29,146256,146624,98.85,52.6,EOD,46.25,3.0,3.35,0.35,
1384,Strategy B,2026-07-20,CE,24200,09:21,13:14,146631,146864,87.95,87.95,SL,0.0,1.05,0.85,-0.2,
1385,Strategy B,2026-07-20,PE,24200,10:11,11:52,146681,146782,96.75,106.75,SL,-10.0,1.6,1.5,-0.1,
1386,Strategy B,2026-07-20,PE,24200,13:05,15:29,146855,146999,93.95,49.6,EOD,44.35,1.35,1.35,0.0,
1387,Strategy B,2026-07-21,CE,24250,09:35,15:29,147020,147374,35.05,0.05,EOD,35.0,0.65,0.05,-0.6,
1388,Strategy B,2026-07-21,PE,24250,15:19,15:29,147364,147374,62.7,62.3,EOD,0.4,0.1,0.05,-0.05,
1389,Strategy B,2026-07-22,CE,24150,09:27,15:29,147387,147749,115.35,86.45,EOD,28.9,2.8,3.3,0.5,
1390,Strategy B,2026-07-22,PE,23950,11:29,11:55,147509,147535,120.0,130.0,SL,-10.0,4.4,4.7,0.3,
1391,Strategy B,2026-07-22,PE,23950,15:19,15:29,147739,147749,129.45,137.5,EOD,-8.05,4.3,4.95,0.65,
1392,Strategy B,2026-07-23,CE,23950,09:37,09:45,147772,147780,116.1,126.45,SL,-10.35,3.05,3.15,0.1,
1393,Strategy B,2026-07-23,CE,23950,11:31,15:29,147886,148124,127.75,98.1,EOD,29.65,3.1,2.65,-0.45,
1394,Strategy B,2026-07-23,PE,23850,09:51,12:30,147786,147945,101.45,111.45,SL,-10.0,3.75,3.95,0.2,
1395,Strategy B,2026-07-23,PE,23850,15:15,15:29,148110,148124,112.05,109.7,EOD,2.35,2.7,2.5,-0.2,
1396,Strategy B,2026-07-24,CE,23750,09:29,12:23,148139,148313,108.45,122.0,SL,-13.55,2.6,2.35,-0.25,
1397,Strategy B,2026-07-24,PE,23700,11:43,15:29,148273,148499,125.1,67.0,EOD,58.1,3.8,2.6,-1.2,
1398,Strategy B,2026-07-27,CE,23950,10:05,10:15,148550,148560,68.2,78.2,SL,-10.0,1.15,1.2,0.05,
1399,Strategy B,2026-07-27,CE,23950,10:21,11:19,148566,148624,65.15,75.15,SL,-10.0,1.15,1.25,0.1,
1400,Strategy B,2026-07-27,CE,23950,13:01,13:04,148726,148729,71.1,81.1,SL,-10.0,1.05,1.05,0.0,
1401,Strategy B,2026-07-27,PE,23950,09:37,09:56,148522,148541,74.8,84.8,SL,-10.0,1.5,1.55,0.05,
1402,Strategy B,2026-07-27,PE,23950,11:19,15:29,148624,148874,69.45,27.95,EOD,41.5,1.5,1.7,0.2,
1403,Strategy B,2026-07-28,CE,24000,09:53,09:55,148913,148915,36.45,47.25,SL,-10.8,0.7,0.7,0.0,
1404,Strategy B,2026-07-28,CE,24000,10:01,10:46,148921,148966,40.95,50.95,SL,-10.0,0.7,0.55,-0.15,
1405,Strategy B,2026-07-28,CE,24000,11:33,11:43,149013,149023,34.8,44.8,SL,-10.0,0.4,0.35,-0.05,
1406,Strategy B,2026-07-28,PE,24000,10:39,13:15,148959,149115,29.9,39.9,SL,-10.0,0.65,0.5,-0.15,
1407,Strategy B,2026-07-28,PE,24000,14:03,14:30,149163,149190,20.75,30.75,SL,-10.0,0.45,0.35,-0.1,
1408,Strategy B,2026-07-28,PE,24000,14:41,14:46,149201,149206,15.65,25.65,SL,-10.0,0.25,0.1,-0.15,
1409,Strategy B,2026-07-29,CE,24250,12:49,13:06,149464,149481,114.35,124.35,SL,-10.0,1.55,1.35,-0.2,
1410,Strategy B,2026-07-29,CE,24250,15:25,15:29,149620,149624,119.45,120.85,EOD,-1.4,1.4,1.3,-0.1,
1411,Strategy B,2026-07-29,PE,24150,10:07,15:29,149302,149624,108.3,95.55,EOD,12.75,4.3,4.45,0.15,
1412,Strategy B,2026-07-30,CE,24200,10:13,11:16,149683,149746,129.55,142.0,SL,-12.45,1.35,1.25,-0.1,
1413,Strategy B,2026-07-30,CE,24200,11:55,12:30,149785,149820,133.5,143.5,SL,-10.0,1.2,1.15,-0.05,
1414,Strategy B,2026-07-30,CE,24200,14:17,14:46,149927,149956,138.05,148.05,SL,-10.0,1.05,0.95,-0.1,
1415,Strategy B,2026-07-30,PE,24200,09:25,09:41,149635,149651,94.8,104.8,SL,-10.0,3.95,3.7,-0.25,
1416,Strategy B,2026-07-30,PE,24200,09:57,10:12,149667,149682,93.9,103.9,SL,-10.0,3.6,3.4,-0.2,
1417,Strategy B,2026-07-30,PE,24200,10:51,15:29,149721,149999,93.2,72.65,EOD,20.55,3.25,2.6,-0.65,
1418,Strategy B,2026-07-31,CE,24350,09:21,09:23,150006,150008,100.0,110.0,SL,-10.0,0.95,0.9,-0.05,
1419,Strategy B,2026-07-31,CE,24350,09:29,12:14,150014,150179,96.85,106.85,SL,-10.0,1.05,0.85,-0.2,
1420,Strategy B,2026-07-31,PE,24350,10:49,11:09,150094,150114,89.75,99.75,SL,-10.0,2.8,2.75,-0.05,
1421,Strategy B,2026-07-31,PE,24350,11:15,15:29,150120,150374,89.5,75.85,EOD,13.65,2.8,2.9,0.1,
1422,Strategy B,2026-08-03,CE,24550,13:01,13:34,150601,150634,70.45,80.45,SL,-10.0,0.85,0.8,-0.05,
1423,Strategy B,2026-08-03,CE,24550,15:05,15:29,150725,150749,72.2,64.7,EOD,7.5,0.7,0.6,-0.1,
1424,Strategy B,2026-08-03,PE,24550,09:35,15:29,150395,150749,57.8,45.95,EOD,11.85,2.0,1.75,-0.25,
1425,Strategy B,2026-08-04,CE,24600,09:33,09:43,150768,150778,39.9,49.9,SL,-10.0,0.75,0.65,-0.1,
1426,Strategy B,2026-08-04,CE,24600,10:13,15:29,150808,151124,43.7,22.2,EOD,21.5,0.6,0.05,-0.55,
1427,Strategy B,2026-08-04,PE,24600,09:45,10:26,150780,150821,34.0,44.0,SL,-10.0,0.85,0.5,-0.35,
1428,Strategy B,2026-08-05,CE,24700,09:57,10:02,151167,151172,106.85,116.85,SL,-10.0,1.95,1.9,-0.05,
1429,Strategy B,2026-08-05,CE,24700,10:31,10:48,151201,151218,103.9,113.9,SL,-10.0,1.9,1.75,-0.15,
1430,Strategy B,2026-08-05,CE,24700,11:29,15:29,151259,151499,112.4,98.1,EOD,14.3,1.85,1.7,-0.15,
1431,Strategy B,2026-08-05,PE,24650,10:59,11:24,151229,151254,122.4,136.8,SL,-14.4,4.65,4.65,0.0,
1432,Strategy B,2026-08-06,CE,24700,13:21,14:04,151746,151789,114.05,124.05,SL,-10.0,1.3,1.25,-0.05,
1433,Strategy B,2026-08-06,CE,24700,14:41,15:29,151826,151874,116.85,118.0,EOD,-1.15,1.1,0.9,-0.2,
1434,Strategy B,2026-08-06,PE,24650,09:49,10:00,151534,151545,115.4,125.4,SL,-10.0,3.9,3.8,-0.1,
1435,Strategy B,2026-08-06,PE,24650,11:15,11:42,151620,151647,119.15,129.15,SL,-10.0,3.9,3.8,-0.1,
1436,Strategy B,2026-08-06,PE,24650,11:59,12:11,151664,151676,116.3,126.3,SL,-10.0,3.7,3.75,0.05,
1437,Strategy B,2026-08-07,CE,24650,10:17,15:29,151937,152249,112.3,83.2,EOD,29.1,1.15,1.05,-0.1,
1438,Strategy B,2026-08-07,PE,24600,13:53,13:57,152153,152157,117.6,127.6,SL,-10.0,2.1,1.85,-0.25,
1439,Strategy B,2026-08-07,PE,24600,14:51,15:29,152211,152249,124.25,107.15,EOD,17.1,1.75,1.6,-0.15,
1440,Strategy B,2026-08-10,CE,24600,09:31,10:23,152266,152318,82.7,92.7,SL,-10.0,0.95,0.85,-0.1,
1441,Strategy B,2026-08-10,CE,24600,13:01,15:29,152476,152624,88.0,76.4,EOD,11.6,0.8,0.5,-0.3,
1442,Strategy B,2026-08-10,PE,24600,10:21,15:29,152316,152624,93.45,70.15,EOD,23.3,1.2,0.7,-0.5,
1443,Strategy B,2026-08-11,CE,24500,09:27,15:29,152637,152999,67.65,0.2,EOD,67.45,0.65,0.05,-0.6,
1444,Strategy B,2026-08-11,PE,24500,10:33,11:02,152703,152732,59.1,69.1,SL,-10.0,0.3,0.25,-0.05,
1445,Strategy B,2026-08-11,PE,24500,13:25,15:29,152875,152999,57.1,31.8,EOD,25.3,0.05,0.05,0.0,
1446,Strategy B,2026-08-12,CE,24500,09:45,15:29,153030,153374,118.95,96.75,EOD,22.2,1.7,1.25,-0.45,
1447,Strategy B,2026-08-12,PE,24400,09:29,09:45,153014,153030,87.2,101.55,SL,-14.35,3.15,3.0,-0.15,
1448,Strategy B,2026-08-12,PE,24400,15:11,15:29,153356,153374,108.0,99.3,EOD,8.7,2.45,2.55,0.1,
1449,Strategy B,2026-08-13,CE,24400,09:27,11:57,153387,153537,106.45,116.45,SL,-10.0,1.45,1.3,-0.15,
1450,Strategy B,2026-08-13,PE,24350,09:59,10:23,153419,153443,88.45,98.45,SL,-10.0,2.5,2.2,-0.3,
1451,Strategy B,2026-08-13,PE,24350,10:53,11:05,153473,153485,87.45,97.45,SL,-10.0,1.85,1.9,0.05,
1452,Strategy B,2026-08-13,PE,24350,11:31,15:29,153511,153749,88.5,62.9,EOD,25.6,1.75,1.4,-0.35,
1453,Strategy B,2026-08-14,CE,24350,09:21,09:24,153756,153759,97.95,107.95,SL,-10.0,1.2,1.15,-0.05,
1454,Strategy B,2026-08-14,CE,24350,09:29,09:37,153764,153772,97.75,107.75,SL,-10.0,1.25,1.2,-0.05,
1455,Strategy B,2026-08-14,CE,24350,10:31,13:43,153826,154018,96.8,106.8,SL,-10.0,1.3,1.15,-0.15,
1456,Strategy B,2026-08-14,PE,24350,09:39,09:55,153774,153790,78.95,88.95,SL,-10.0,1.5,1.5,0.0,
1457,Strategy B,2026-08-14,PE,24350,10:01,10:32,153796,153827,79.9,89.9,SL,-10.0,1.6,1.55,-0.05,
1458,Strategy B,2026-08-14,PE,24350,10:51,10:59,153846,153854,78.7,88.7,SL,-10.0,1.45,1.4,-0.05,
1459,Strategy B,2026-08-17,CE,24300,09:31,12:46,154141,154336,69.6,79.6,SL,-10.0,1.0,0.8,-0.2,
1460,Strategy B,2026-08-17,PE,24300,12:01,15:29,154291,154499,64.9,37.85,EOD,27.05,1.0,0.75,-0.25,
1461,Strategy B,2026-08-18,CE,24250,09:23,09:26,154508,154511,33.05,43.05,SL,-10.0,0.55,0.55,0.0,
1462,Strategy B,2026-08-18,CE,24250,09:33,15:29,154518,154874,29.25,0.35,EOD,28.9,0.55,0.05,-0.5,
1463,Strategy B,2026-08-18,PE,24250,10:31,10:42,154576,154587,40.7,50.7,SL,-10.0,0.4,0.4,0.0,
1464,Strategy B,2026-08-18,PE,24250,14:41,15:14,154826,154859,44.35,54.35,SL,-10.0,0.2,0.05,-0.15,
1465,Strategy B,2026-08-19,CE,24200,09:25,15:29,154885,155249,99.45,82.05,EOD,17.4,2.25,1.95,-0.3,
1466,Strategy B,2026-08-19,PE,24100,10:05,10:18,154925,154938,102.45,112.45,SL,-10.0,2.95,2.95,0.0,
1467,Strategy B,2026-08-19,PE,24100,11:55,12:04,155035,155044,104.85,114.85,SL,-10.0,3.0,3.0,0.0,
1468,Strategy B,2026-08-19,PE,24100,14:07,14:20,155167,155180,108.2,118.2,SL,-10.0,2.75,2.7,-0.05,
1469,Strategy B,2026-08-20,CE,24250,11:19,11:32,155374,155387,101.9,111.9,SL,-10.0,1.25,1.14,-0.11,
1470,Strategy B,2026-08-20,PE,24200,09:41,15:29,155276,155624,71.65,56.4,EOD,15.25,2.95,2.35,-0.6,
1471,Strategy B,2026-08-21,CE,24250,09:23,09:54,155633,155664,100.7,110.7,SL,-10.0,1.05,1.05,0.0,
1472,Strategy B,2026-08-21,CE,24250,12:05,15:29,155795,155999,103.45,97.6,EOD,5.85,1.0,0.8,-0.2,
1473,Strategy B,2026-08-21,PE,24250,10:23,15:29,155693,155999,67.4,62.3,EOD,5.1,2.2,1.8,-0.4,
1474,Strategy B,2026-08-24,CE,24300,09:33,15:29,156018,156374,68.1,25.95,EOD,42.15,0.75,0.5,-0.25,
1475,Strategy B,2026-08-24,PE,24300,09:21,09:35,156006,156020,42.6,52.6,SL,-10.0,1.3,1.2,-0.1,
1476,Strategy B,2026-08-25,CE,24150,09:45,11:55,156405,156535,49.2,61.0,SL,-11.8,0.6,0.55,-0.05,
1477,Strategy B,2026-08-25,CE,24150,12:55,13:54,156595,156654,38.0,48.0,SL,-10.0,0.4,0.3,-0.1,
1478,Strategy B,2026-08-25,CE,24150,14:01,14:20,156661,156680,26.3,39.8,SL,-13.5,0.15,0.2,0.05,
1479,Strategy B,2026-08-25,PE,24150,09:29,09:52,156389,156412,22.25,32.25,SL,-10.0,0.7,0.45,-0.25,
1480,Strategy B,2026-08-25,PE,24150,10:51,13:14,156471,156614,24.35,34.35,SL,-10.0,0.55,0.25,-0.3,
1481,Strategy B,2026-08-25,PE,24150,14:11,15:29,156671,156749,13.65,0.05,EOD,13.6,0.25,0.05,-0.2,
1482,Strategy B,2026-08-26,CE,24400,10:11,15:29,156806,157124,115.85,81.3,EOD,34.55,1.5,1.2,-0.3,
1483,Strategy B,2026-08-26,PE,24350,09:25,10:11,156760,156806,69.65,79.65,SL,-10.0,2.95,2.75,-0.2,
1484,Strategy B,2026-08-27,CE,24300,09:29,15:29,157139,157499,88.3,52.35,EOD,35.95,1.5,1.45,-0.05,
1485,Strategy B,2026-08-27,PE,24300,13:11,13:45,157361,157395,123.3,133.3,SL,-10.0,1.8,1.75,-0.05,
1486,Strategy B,2026-08-28,CE,24150,11:27,14:50,157632,157835,124.55,124.55,SL,0.0,1.5,1.1,-0.4,
1487,Strategy B,2026-08-28,CE,24150,15:03,15:10,157848,157855,104.05,119.05,SL,-15.0,1.05,1.0,-0.05,
1488,Strategy B,2026-08-28,PE,24100,09:43,11:29,157528,157634,47.4,57.4,SL,-10.0,1.75,1.55,-0.2,
1489,Strategy B,2026-08-28,PE,24100,14:39,15:29,157824,157874,55.05,35.95,EOD,19.1,1.55,1.4,-0.15,
1490,Strategy B,2026-08-31,CE,24050,09:25,11:54,157885,158034,84.0,94.0,SL,-10.0,1.05,0.9,-0.15,
1491,Strategy B,2026-08-31,PE,24050,11:51,15:29,158031,158249,60.1,46.1,EOD,14.0,1.2,0.9,-0.3,
1492,Strategy B,2026-09-01,CE,24050,09:25,09:26,158260,158261,35.45,45.45,SL,-10.0,0.75,0.7,-0.05,
1493,Strategy B,2026-09-01,CE,24050,09:45,10:18,158280,158313,33.6,43.6,SL,-10.0,0.8,0.75,-0.05,
1494,Strategy B,2026-09-01,CE,24050,13:11,15:29,158486,158624,46.2,2.35,EOD,43.85,0.4,0.05,-0.35,
1495,Strategy B,2026-09-01,PE,24050,09:31,09:43,158266,158278,35.7,45.7,SL,-10.0,0.7,0.65,-0.05,
1496,Strategy B,2026-09-01,PE,24050,10:19,13:41,158314,158516,33.2,43.7,SL,-10.5,0.6,0.3,-0.3,
1497,Strategy B,2026-09-01,PE,24050,15:25,15:29,158620,158624,2.25,4.05,EOD,-1.8,0.15,0.05,-0.1,
1498,Strategy B,2026-09-02,CE,23950,11:07,12:31,158737,158821,105.5,115.5,SL,-10.0,2.25,2.5,0.25,
1499,Strategy B,2026-09-02,CE,23950,15:05,15:10,158975,158980,106.85,116.85,SL,-10.0,1.9,1.9,0.0,
1500,Strategy B,2026-09-02,PE,23800,10:13,11:33,158683,158763,98.8,108.8,SL,-10.0,4.15,4.2,0.05,
1501,Strategy B,2026-09-02,PE,23800,12:29,15:29,158819,158999,94.4,75.5,EOD,18.9,3.85,2.9,-0.95,
1502,Strategy B,2026-09-03,CE,24000,10:35,15:29,159080,159374,118.6,70.8,EOD,47.8,1.5,1.85,0.35,
1503,Strategy B,2026-09-03,PE,24000,09:37,10:36,159022,159081,91.1,101.1,SL,-10.0,3.65,3.25,-0.4,
1504,Strategy B,2026-09-04,CE,23950,09:31,09:50,159391,159410,102.15,112.15,SL,-10.0,1.45,1.35,-0.1,
1505,Strategy B,2026-09-04,CE,23950,12:15,15:29,159555,159749,117.15,87.2,EOD,29.95,1.2,1.1,-0.1,
1506,Strategy B,2026-09-04,PE,23950,09:53,15:29,159413,159749,83.15,83.8,EOD,-0.65,2.1,1.6,-0.5,
1507,Strategy B,2026-09-07,CE,23850,09:25,15:29,159760,160124,71.7,40.25,EOD,31.45,1.05,1.0,-0.05,
1508,Strategy B,2026-09-07,PE,23850,14:03,14:17,160038,160052,69.8,79.8,SL,-10.0,1.0,1.14,0.14,
1509,Strategy B,2026-09-07,PE,23850,14:23,14:39,160058,160074,74.9,84.9,SL,-10.0,1.1,1.05,-0.05,
1510,Strategy B,2026-09-08,CE,23700,09:21,10:14,160131,160184,50.0,60.0,SL,-10.0,0.95,0.9,-0.05,
1511,Strategy B,2026-09-08,CE,23700,10:37,10:50,160207,160220,35.65,46.0,SL,-10.35,0.85,0.85,0.0,
1512,Strategy B,2026-09-08,CE,23700,10:57,15:29,160227,160499,38.45,0.25,EOD,38.2,0.9,0.1,-0.8,
1513,Strategy B,2026-09-08,PE,23700,10:13,11:01,160183,160231,44.15,54.15,SL,-10.0,0.65,0.55,-0.1,
1514,Strategy B,2026-09-09,CE,23600,09:57,10:20,160542,160565,104.4,114.4,SL,-10.0,2.55,2.35,-0.2,
1515,Strategy B,2026-09-09,CE,23600,10:43,10:55,160588,160600,105.0,115.0,SL,-10.0,2.45,2.4,-0.05,
1516,Strategy B,2026-09-09,CE,23600,11:57,12:33,160662,160698,100.85,110.85,SL,-10.0,2.6,2.45,-0.15,
1517,Strategy B,2026-09-09,PE,23500,09:41,09:49,160526,160534,94.5,104.5,SL,-10.0,4.15,4.1,-0.05,
1518,Strategy B,2026-09-09,PE,23500,10:21,11:59,160566,160664,93.75,104.95,SL,-11.2,4.35,4.45,0.1,
1519,Strategy B,2026-09-09,PE,23500,12:33,14:40,160698,160825,86.4,99.4,SL,-13.0,4.05,4.05,0.0,
1520,Strategy B,2026-09-10,CE,23500,09:39,09:43,160899,160903,96.65,106.65,SL,-10.0,2.5,2.45,-0.05,
1521,Strategy B,2026-09-10,CE,23500,10:03,10:17,160923,160937,93.45,103.45,SL,-10.0,2.65,2.5,-0.15,
1522,Strategy B,2026-09-10,CE,23500,10:29,10:40,160949,160960,96.7,106.7,SL,-10.0,2.55,2.55,0.0,
1523,Strategy B,2026-09-10,PE,23450,10:39,10:55,160959,160975,96.05,106.05,SL,-10.0,3.65,3.7,0.05,
1524,Strategy B,2026-09-10,PE,23450,11:15,11:28,160995,161008,88.2,98.2,SL,-10.0,3.5,3.6,0.1,
1525,Strategy B,2026-09-10,PE,23450,11:51,13:05,161031,161105,90.95,100.95,SL,-10.0,3.3,3.45,0.15,
1526,Strategy B,2026-09-11,CE,23250,09:49,10:04,161284,161299,106.0,116.0,SL,-10.0,2.25,2.0,-0.25,
1527,Strategy B,2026-09-11,PE,23250,10:05,15:29,161300,161624,89.45,42.35,EOD,47.1,3.2,2.15,-1.05,
1528,Strategy B,2026-09-15,CE,23500,09:23,15:29,161633,161999,45.8,0.15,EOD,45.65,0.7,0.05,-0.65,
1529,Strategy B,2026-09-16,CE,23400,09:29,09:55,162014,162040,86.85,99.2,SL,-12.35,2.35,2.4,0.05,
1530,Strategy B,2026-09-16,CE,23400,11:35,12:33,162140,162198,88.85,98.85,SL,-10.0,2.05,2.05,0.0,
1531,Strategy B,2026-09-16,CE,23400,13:39,15:29,162264,162374,86.05,75.55,EOD,10.5,2.05,1.95,-0.1,
1532,Strategy B,2026-09-16,PE,23200,10:35,11:27,162080,162132,134.7,144.7,SL,-10.0,8.6,8.95,0.35,
1533,Strategy B,2026-09-16,PE,23200,11:51,11:56,162156,162161,138.2,148.2,SL,-10.0,8.5,8.85,0.35,
1534,Strategy B,2026-09-16,PE,23200,12:19,13:40,162184,162265,135.4,145.4,SL,-10.0,8.2,9.0,0.8,
1535,Strategy B,2026-09-17,CE,23300,10:43,11:52,162463,162532,117.9,127.9,SL,-10.0,1.35,1.5,0.15,
1536,Strategy B,2026-09-17,CE,23300,13:31,14:37,162631,162697,108.7,123.7,SL,-15.0,1.3,1.15,-0.15,
1537,Strategy B,2026-09-17,CE,23300,14:57,15:19,162717,162739,114.65,124.65,SL,-10.0,1.2,1.2,0.0,
1538,Strategy B,2026-09-17,PE,23200,09:33,09:42,162393,162402,91.5,106.5,SL,-15.0,4.75,5.2,0.45,
1539,Strategy B,2026-09-17,PE,23200,09:53,11:03,162413,162483,92.25,102.25,SL,-10.0,4.4,4.4,0.0,
1540,Strategy B,2026-09-17,PE,23200,11:45,13:30,162525,162630,88.05,98.05,SL,-10.0,4.05,3.7,-0.35,
1541,Strategy B,2026-09-18,CE,23350,09:29,14:28,162764,163063,93.15,103.15,SL,-10.0,1.35,1.05,-0.3,
1542,Strategy B,2026-09-18,PE,23350,10:15,10:24,162810,162819,110.45,120.45,SL,-10.0,2.75,2.75,0.0,
1543,Strategy B,2026-09-18,PE,23350,12:13,15:29,162928,163124,109.25,82.95,EOD,26.3,2.6,2.25,-0.35,
1544,Strategy B,2026-09-21,CE,23350,10:27,10:54,163197,163224,81.9,91.9,SL,-10.0,0.85,0.8,-0.05,
1545,Strategy B,2026-09-21,PE,23350,09:27,15:29,163137,163499,59.7,32.8,EOD,26.9,1.55,1.55,0.0,
1546,Strategy B,2026-09-22,CE,23450,09:27,09:48,163512,163533,41.7,51.7,SL,-10.0,0.6,0.5,-0.1,
1547,Strategy B,2026-09-22,CE,23450,10:27,15:29,163572,163874,36.05,0.05,EOD,36.0,0.5,0.05,-0.45,
1548,Strategy B,2026-09-22,PE,23450,09:43,10:30,163528,163575,41.8,51.8,SL,-10.0,0.85,0.8,-0.05,
1549,Strategy B,2026-09-23,CE,23400,09:55,09:59,163915,163919,110.05,120.05,SL,-10.0,2.0,2.05,0.05,
1550,Strategy B,2026-09-23,CE,23400,10:11,10:17,163931,163937,113.35,123.35,SL,-10.0,2.0,1.9,-0.1,
1551,Strategy B,2026-09-23,CE,23400,15:03,15:15,164223,164235,126.6,136.6,SL,-10.0,1.8,1.8,0.0,
1552,Strategy B,2026-09-23,PE,23350,10:29,15:29,163949,164249,85.15,63.9,EOD,21.25,3.2,3.0,-0.2,
1553,Strategy B,2026-09-24,CE,23250,09:21,15:29,164256,164624,116.55,67.4,EOD,49.15,2.35,2.1,-0.25,
1554,Strategy B,2026-09-25,CE,23150,09:41,10:08,164651,164678,90.9,103.0,SL,-12.1,1.6,1.65,0.05,
1555,Strategy B,2026-09-25,CE,23150,10:33,11:21,164703,164751,93.25,103.25,SL,-10.0,1.55,1.35,-0.2,
1556,Strategy B,2026-09-25,CE,23150,11:59,14:01,164789,164911,90.55,100.55,SL,-10.0,1.45,1.35,-0.1,
1557,Strategy B,2026-09-25,PE,23100,09:23,09:37,164633,164647,92.0,103.0,SL,-11.0,3.55,3.45,-0.1,
1558,Strategy B,2026-09-25,PE,23100,10:13,10:23,164683,164693,91.0,101.0,SL,-10.0,3.2,3.2,0.0,
1559,Strategy B,2026-09-25,PE,23100,11:33,12:04,164763,164794,94.95,104.95,SL,-10.0,3.25,3.35,0.1,
1560,Strategy B,2026-09-28,CE,22950,09:21,15:29,165006,165374,94.75,28.95,EOD,65.8,1.55,1.65,0.1,
1561,Strategy B,2026-09-29,CE,22700,09:23,11:13,165383,165493,55.6,55.6,SL,0.0,1.65,0.7,-0.95,
1562,Strategy B,2026-09-29,CE,22700,12:33,12:39,165573,165579,27.6,42.6,SL,-15.0,0.55,0.35,-0.2,
1563,Strategy B,2026-09-29,CE,22700,13:21,15:29,165621,165749,37.75,12.15,EOD,25.6,0.35,0.05,-0.3,
1564,Strategy B,2026-09-29,PE,22700,11:15,11:18,165495,165498,57.95,72.95,SL,-15.0,0.8,0.8,0.0,
1565,Strategy B,2026-09-29,PE,22700,11:29,12:27,165509,165567,62.8,62.8,SL,0.0,0.7,0.75,0.05,
1566,Strategy B,2026-09-29,PE,22700,12:53,13:20,165593,165620,61.7,71.7,SL,-10.0,0.55,0.45,-0.1,
