trade_id,strategy,date,side,sell_strike,entry_time,exit_time,entry_g,exit_g,sell_entry,sell_exit,reason,sell_pts,hedge_entry,hedge_exit,hedge_pts,hedge_note
1,Strategy C,2024-12-27,PE,23750,09:30,12:15,2640,2805,113.85,97.05,SIGNAL,16.8,5.09,3.6,-1.49,
2,Strategy C,2024-12-27,PE,23750,13:42,14:50,2892,2960,82.25,92.8,SL,-10.55,3.3,3.35,0.05,
3,Strategy C,2024-12-27,CE,23950,11:33,15:29,2763,2999,128.5,105.8,EOD,22.7,1.9,1.4,-0.5,
4,Strategy C,2024-12-30,CE,23800,09:24,10:45,3009,3090,122.95,137.95,SL,-15.0,1.55,1.4,-0.15,
5,Strategy C,2024-12-30,PE,23800,10:51,11:00,3096,3105,92.3,107.3,SL,-15.0,2.7,2.6,-0.1,
6,Strategy C,2024-12-30,PE,23800,11:36,12:23,3141,3188,83.9,98.9,SL,-15.0,2.95,2.7,-0.25,
7,Strategy C,2024-12-30,CE,23800,12:33,12:46,3198,3211,145.75,160.75,SL,-15.0,1.5,1.4,-0.1,
8,Strategy C,2024-12-31,CE,23550,09:30,09:36,3390,3396,130.25,145.25,SL,-15.0,1.45,1.5,0.05,
9,Strategy C,2024-12-31,CE,23550,10:12,10:18,3432,3438,107.65,122.65,SL,-15.0,1.9,1.8,-0.1,
10,Strategy C,2024-12-31,PE,23400,13:39,15:29,3639,3749,113.35,103.9,EOD,9.45,3.6,2.9,-0.7,
11,Strategy C,2025-01-01,CE,23650,09:33,10:11,3768,3806,104.5,119.5,SL,-15.0,1.35,1.25,-0.1,
12,Strategy C,2025-01-01,PE,23500,10:42,15:29,3837,4124,133.9,103.7,EOD,30.2,2.15,1.85,-0.3,
13,Strategy C,2025-01-02,PE,23600,09:57,15:29,4167,4499,121.3,32.0,EOD,89.3,6.85,2.75,-4.1,
14,Strategy C,2025-01-03,CE,24250,09:33,11:24,4518,4629,120.1,102.05,SIGNAL,18.05,2.4,2.04,-0.36,
15,Strategy C,2025-01-03,PE,24050,11:24,12:23,4629,4688,138.75,153.75,SL,-15.0,3.65,3.65,0.0,
16,Strategy C,2025-01-03,CE,24250,12:30,13:04,4695,4729,74.84,89.85,SL,-15.01,1.6,1.7,0.1,
17,Strategy C,2025-01-03,CE,24250,13:57,15:29,4782,4874,75.25,58.05,EOD,17.2,1.6,1.25,-0.35,
18,Strategy C,2025-01-06,CE,24050,10:42,15:29,4962,5249,91.25,47.7,EOD,43.55,1.65,1.95,0.3,
19,Strategy C,2025-01-07,PE,23700,09:30,09:46,5265,5281,126.8,141.8,SL,-15.0,4.7,5.85,1.15,
20,Strategy C,2025-01-07,CE,23800,10:06,10:14,5301,5309,89.15,104.15,SL,-15.0,1.5,1.7,0.2,
21,Strategy C,2025-01-07,PE,23700,10:30,10:38,5325,5333,111.5,126.5,SL,-15.0,4.0,4.4,0.4,
22,Strategy C,2025-01-07,CE,23800,13:00,13:31,5475,5506,85.45,97.0,SL,-11.55,1.35,1.35,0.0,
23,Strategy C,2025-01-08,PE,23500,10:06,10:20,5676,5690,121.05,136.05,SL,-15.0,1.55,1.55,0.0,
24,Strategy C,2025-01-08,CE,23900,09:21,13:33,5631,5883,122.15,79.2,SIGNAL,42.95,0.85,0.9,0.05,
25,Strategy C,2025-01-08,PE,23500,13:33,15:29,5883,5999,148.25,105.2,EOD,43.05,1.25,0.9,-0.35,
26,Strategy C,2025-01-09,CE,23700,09:21,10:16,6006,6061,152.75,167.75,SL,-15.0,3.7,4.0,0.3,
27,Strategy C,2025-01-09,CE,23700,11:00,12:17,6105,6182,126.5,141.5,SL,-15.0,3.55,3.8,0.25,
28,Strategy C,2025-01-10,CE,23650,09:30,11:06,6390,6486,129.0,136.4,SIGNAL,-7.4,2.15,2.04,-0.11,
29,Strategy C,2025-01-10,PE,23500,11:06,12:10,6486,6550,150.3,165.3,SL,-15.0,7.85,9.9,2.05,
30,Strategy C,2025-01-10,CE,23650,13:42,13:49,6642,6649,98.7,113.7,SL,-15.0,1.95,1.95,0.0,
31,Strategy C,2025-01-10,CE,23650,14:15,15:29,6675,6749,84.95,75.8,EOD,9.15,2.0,1.9,-0.1,
32,Strategy C,2025-01-13,CE,23300,09:48,10:02,6783,6797,123.4,138.4,SL,-15.0,3.0,3.35,0.35,
33,Strategy C,2025-01-13,CE,23300,11:33,15:29,6888,7124,118.2,62.1,EOD,56.1,2.9,3.5,0.6,
34,Strategy C,2025-01-14,PE,23000,09:24,09:30,7134,7140,123.55,138.55,SL,-15.0,3.95,4.09,0.14,
35,Strategy C,2025-01-14,PE,23000,10:42,12:09,7212,7299,128.5,132.1,SIGNAL,-3.6,4.7,3.7,-1.0,
36,Strategy C,2025-01-14,CE,23200,12:03,14:18,7293,7428,99.8,102.5,SIGNAL,-2.7,2.29,2.54,0.25,
37,Strategy C,2025-01-14,PE,23000,14:24,15:29,7434,7499,113.75,109.35,EOD,4.4,3.25,2.2,-1.05,
38,Strategy C,2025-01-15,CE,23400,09:36,10:38,7521,7583,112.55,122.15,SL,-9.6,0.95,0.85,-0.1,
39,Strategy C,2025-01-15,PE,23100,10:45,11:32,7590,7637,118.2,133.2,SL,-15.0,1.5,1.25,-0.25,
40,Strategy C,2025-01-15,CE,23400,12:21,12:45,7686,7710,107.5,117.25,SL,-9.75,0.8,0.8,0.0,
41,Strategy C,2025-01-15,CE,23400,13:21,15:29,7746,7874,98.3,103.05,EOD,-4.75,0.8,0.6,-0.2,
42,Strategy C,2025-01-16,CE,23400,14:36,15:23,8196,8243,147.05,155.4,SL,-8.35,3.35,3.35,0.0,
43,Strategy C,2025-01-17,CE,23300,09:24,09:25,8259,8260,133.9,148.9,SL,-15.0,2.75,2.7,-0.05,
44,Strategy C,2025-01-17,CE,23300,09:39,10:21,8274,8316,135.55,150.55,SL,-15.0,2.7,2.65,-0.05,
45,Strategy C,2025-01-17,CE,23300,11:00,11:33,8355,8388,107.5,122.5,SL,-15.0,3.0,2.65,-0.35,
46,Strategy C,2025-01-17,CE,23300,13:36,14:26,8511,8561,131.0,146.0,SL,-15.0,2.2,2.29,0.09,
47,Strategy C,2025-01-20,PE,23200,11:18,15:29,8748,8999,100.7,72.75,EOD,27.95,4.4,4.0,-0.4,
48,Strategy C,2025-01-21,CE,23400,10:09,11:46,9054,9151,91.35,106.35,SL,-15.0,1.8,1.35,-0.45,
49,Strategy C,2025-01-21,CE,23400,12:33,12:56,9198,9221,64.3,79.3,SL,-15.0,1.45,1.2,-0.25,
50,Strategy C,2025-01-21,CE,23400,14:36,15:29,9321,9374,47.05,25.75,EOD,21.3,1.5,1.3,-0.2,
51,Strategy C,2025-01-22,PE,22900,10:27,11:10,9447,9490,118.5,133.5,SL,-15.0,1.14,1.1,-0.04,
52,Strategy C,2025-01-22,CE,23300,11:12,14:21,9492,9681,130.4,126.3,SIGNAL,4.1,0.75,0.85,0.1,
53,Strategy C,2025-01-22,PE,22900,14:21,15:29,9681,9749,111.95,88.45,EOD,23.5,1.14,0.8,-0.34,
54,Strategy C,2025-01-23,CE,23200,15:06,15:29,10101,10124,222.05,223.05,EOD,-1.0,4.7,4.59,-0.11,
55,Strategy C,2025-01-23,PE,23000,09:42,15:29,9777,10124,108.6,92.8,EOD,15.8,5.15,5.8,0.65,
56,Strategy C,2025-01-24,CE,23400,09:51,10:39,10161,10209,100.65,115.65,SL,-15.0,2.75,2.4,-0.35,
57,Strategy C,2025-01-24,PE,23150,11:06,12:39,10236,10329,131.75,118.65,SIGNAL,13.1,5.25,4.59,-0.66,
58,Strategy C,2025-01-24,CE,23400,12:42,15:29,10332,10499,103.25,57.7,EOD,45.55,2.35,1.95,-0.4,
59,Strategy C,2025-01-27,CE,23050,10:21,12:03,10566,10668,104.1,119.1,SL,-15.0,2.7,2.4,-0.3,
60,Strategy C,2025-01-27,CE,23050,13:30,15:29,10755,10874,80.09,70.2,EOD,9.89,2.4,2.2,-0.2,
61,Strategy C,2025-01-28,PE,22500,11:42,14:48,11022,11208,132.44,114.85,SIGNAL,17.59,1.1,0.85,-0.25,
62,Strategy C,2025-01-28,CE,22950,15:03,15:29,11223,11249,156.4,156.25,EOD,0.15,1.5,1.4,-0.1,
63,Strategy C,2025-01-30,PE,22600,09:54,14:06,11664,11916,116.4,108.85,SIGNAL,7.55,13.95,11.95,-2.0,
64,Strategy C,2025-01-30,CE,23700,13:36,15:29,11886,11999,158.75,158.69,EOD,0.06,13.85,11.6,-2.25,
65,Strategy C,2025-01-30,PE,22600,15:03,15:29,11973,11999,80.0,78.8,EOD,1.2,8.75,10.05,1.3,
66,Strategy C,2025-01-31,PE,22800,10:03,15:29,12048,12374,110.65,48.05,EOD,62.6,18.3,9.0,-9.3,
67,Strategy C,2025-02-01,CE,23750,09:21,09:23,12381,12383,118.0,133.0,SL,-15.0,8.15,9.19,1.04,
68,Strategy C,2025-02-01,PE,23250,10:30,11:02,12450,12482,102.75,116.55,SL,-13.8,15.5,19.14,3.64,
69,Strategy C,2025-02-01,PE,23250,11:36,11:39,12516,12519,83.7,96.6,SL,-12.9,13.7,15.5,1.8,
70,Strategy C,2025-02-01,CE,23750,11:54,12:03,12534,12543,110.45,125.45,SL,-15.0,7.45,8.6,1.15,
71,Strategy C,2025-02-03,CE,23300,09:21,09:27,12756,12762,143.25,158.25,SL,-15.0,3.55,3.3,-0.25,
72,Strategy C,2025-02-03,CE,23300,09:36,10:42,12771,12837,140.05,155.05,SL,-15.0,2.85,2.35,-0.5,
73,Strategy C,2025-02-03,CE,23300,11:42,12:01,12897,12916,113.0,128.0,SL,-15.0,2.25,2.1,-0.15,
74,Strategy C,2025-02-03,PE,23000,13:15,13:51,12990,13026,87.6,97.25,SL,-9.65,2.2,2.1,-0.1,
75,Strategy C,2025-02-04,PE,23400,09:21,09:31,13131,13141,154.6,169.6,SL,-15.0,2.29,2.25,-0.04,
76,Strategy C,2025-02-04,PE,23400,09:39,10:14,13149,13184,156.65,171.65,SL,-15.0,2.29,2.1,-0.19,
77,Strategy C,2025-02-04,PE,23400,11:51,11:53,13281,13283,149.15,164.15,SL,-15.0,2.04,1.95,-0.09,
78,Strategy C,2025-02-04,PE,23400,13:12,15:29,13362,13499,137.05,86.1,EOD,50.95,1.9,1.8,-0.1,
79,Strategy C,2025-02-05,CE,23900,13:42,13:54,13767,13779,123.7,133.75,SL,-10.05,0.6,0.55,-0.05,
80,Strategy C,2025-02-05,PE,23600,13:54,15:00,13779,13845,116.55,126.7,SL,-10.15,1.14,1.1,-0.04,
81,Strategy C,2025-02-05,CE,23900,15:24,15:29,13869,13874,117.0,111.7,EOD,5.3,0.55,0.4,-0.15,
82,Strategy C,2025-02-06,CE,23800,09:57,15:29,13917,14249,143.0,123.0,EOD,20.0,3.55,2.35,-1.2,
83,Strategy C,2025-02-06,PE,23600,15:18,15:29,14238,14249,164.1,158.05,EOD,6.05,8.15,7.25,-0.9,
84,Strategy C,2025-02-07,CE,23750,10:06,10:09,14301,14304,120.4,134.7,SL,-14.3,2.4,2.35,-0.05,
85,Strategy C,2025-02-07,CE,23750,10:18,11:16,14313,14371,110.95,125.95,SL,-15.0,1.8,1.55,-0.25,
86,Strategy C,2025-02-07,PE,23500,11:18,12:11,14373,14426,91.95,106.95,SL,-15.0,2.75,2.95,0.2,
87,Strategy C,2025-02-07,CE,23750,12:12,15:12,14427,14607,96.55,79.9,SIGNAL,16.65,1.6,1.5,-0.1,
88,Strategy C,2025-02-10,CE,23500,09:30,14:42,14640,14952,138.44,101.25,SIGNAL,37.19,2.04,1.6,-0.44,
89,Strategy C,2025-02-10,PE,23450,14:57,15:29,14967,14999,149.0,159.05,EOD,-10.05,1.9,1.8,-0.1,
90,Strategy C,2025-02-11,CE,23400,09:24,15:29,15009,15374,122.0,24.0,EOD,98.0,1.6,1.1,-0.5,
91,Strategy C,2025-02-12,CE,23300,09:30,11:45,15390,15525,99.2,110.8,SIGNAL,-11.6,0.9,0.65,-0.25,
92,Strategy C,2025-02-12,PE,22900,11:57,12:19,15537,15559,125.15,140.15,SL,-15.0,0.9,0.7,-0.2,
93,Strategy C,2025-02-12,PE,22900,13:12,13:49,15612,15649,105.85,120.85,SL,-15.0,0.7,0.7,0.0,
94,Strategy C,2025-02-12,CE,23300,13:57,15:29,15657,15749,106.6,108.7,EOD,-2.1,0.65,0.5,-0.15,
95,Strategy C,2025-02-13,PE,23000,09:39,13:27,15774,16002,136.15,110.05,SIGNAL,26.1,7.3,5.0,-2.3,
96,Strategy C,2025-02-13,CE,23200,13:15,15:29,15990,16124,178.25,116.0,EOD,62.25,2.45,2.1,-0.35,
97,Strategy C,2025-02-14,CE,23200,10:45,14:33,16215,16443,82.15,69.2,SIGNAL,12.95,1.8,1.8,0.0,
98,Strategy C,2025-02-14,PE,23050,14:30,15:29,16440,16499,248.0,221.0,EOD,27.0,8.75,6.05,-2.7,
99,Strategy C,2025-02-17,PE,22750,13:39,15:29,16764,16874,81.59,61.25,EOD,20.34,2.7,2.25,-0.45,
100,Strategy C,2025-02-18,CE,23000,09:27,09:51,16887,16911,115.3,130.3,SL,-15.0,1.3,1.25,-0.05,
101,Strategy C,2025-02-18,PE,22900,12:48,12:51,17088,17091,122.2,137.2,SL,-15.0,1.85,1.85,0.0,
102,Strategy C,2025-02-18,CE,23000,10:21,13:36,16941,17136,86.25,93.8,SIGNAL,-7.55,1.25,1.05,-0.2,
103,Strategy C,2025-02-18,PE,22900,13:45,14:04,17145,17164,103.05,118.05,SL,-15.0,1.75,1.65,-0.1,
104,Strategy C,2025-02-19,CE,22850,09:21,09:43,17256,17278,118.45,133.45,SL,-15.0,0.9,0.8,-0.1,
105,Strategy C,2025-02-19,PE,22700,09:51,10:57,17286,17352,93.35,93.35,SIGNAL,0.0,0.8,0.55,-0.25,
106,Strategy C,2025-02-19,PE,22700,12:18,12:29,17433,17444,73.3,82.5,SL,-9.2,0.5,0.55,0.05,
107,Strategy C,2025-02-19,CE,22850,13:09,13:14,17484,17489,146.19,161.2,SL,-15.01,0.7,0.6,-0.1,
108,Strategy C,2025-02-20,CE,23000,09:48,09:54,17658,17664,119.25,134.25,SL,-15.0,3.0,3.15,0.15,
109,Strategy C,2025-02-20,CE,23000,13:03,13:49,17853,17899,125.9,136.45,SL,-10.55,2.45,2.35,-0.1,
110,Strategy C,2025-02-20,PE,22800,13:51,15:29,17901,17999,105.4,107.5,EOD,-2.1,3.05,2.7,-0.35,
111,Strategy C,2025-02-21,CE,22950,09:42,11:39,18027,18144,130.1,116.85,SIGNAL,13.25,1.75,1.7,-0.05,
112,Strategy C,2025-02-21,PE,22850,12:36,12:56,18201,18221,146.4,161.4,SL,-15.0,3.2,3.4,0.2,
113,Strategy C,2025-02-21,CE,22950,13:30,15:29,18255,18374,84.1,75.7,EOD,8.4,1.9,1.8,-0.1,
114,Strategy C,2025-02-21,PE,22850,14:42,15:29,18327,18374,153.0,168.0,SL,-15.0,3.15,3.05,-0.1,
115,Strategy C,2025-02-24,CE,22700,09:24,11:48,18384,18528,105.05,96.6,SIGNAL,8.45,1.9,1.95,0.05,
116,Strategy C,2025-02-24,PE,22500,11:51,12:04,18531,18544,123.1,134.65,SL,-11.55,2.04,2.04,0.0,
117,Strategy C,2025-02-24,CE,22700,13:24,14:48,18624,18708,68.0,69.7,SIGNAL,-1.7,2.04,1.85,-0.19,
118,Strategy C,2025-02-24,PE,22500,14:45,15:29,18705,18749,124.0,132.55,EOD,-8.55,1.95,1.5,-0.45,
119,Strategy C,2025-02-25,CE,22700,09:21,09:49,18756,18784,152.8,167.8,SL,-15.0,1.45,1.3,-0.15,
120,Strategy C,2025-02-25,CE,22700,10:24,13:36,18819,19011,143.0,140.35,SIGNAL,2.65,1.5,1.1,-0.4,
121,Strategy C,2025-02-25,PE,22500,09:39,14:51,18774,19086,114.9,105.1,SIGNAL,9.8,1.35,0.9,-0.45,
122,Strategy C,2025-02-25,CE,22700,15:09,15:29,19104,19124,131.1,117.8,EOD,13.3,1.0,0.95,-0.05,
123,Strategy C,2025-02-27,PE,22600,09:21,09:29,19131,19139,128.55,139.05,SL,-10.5,5.4,5.55,0.15,
124,Strategy C,2025-02-27,CE,22600,09:24,14:57,19134,19467,168.9,146.15,SIGNAL,22.75,2.7,1.5,-1.2,
125,Strategy C,2025-02-28,CE,22450,09:21,14:51,19506,19836,118.3,50.4,SIGNAL,67.9,1.9,1.5,-0.4,
126,Strategy C,2025-03-03,CE,22250,09:51,12:24,19911,20064,76.25,66.8,SIGNAL,9.45,1.5,1.2,-0.3,
127,Strategy C,2025-03-03,PE,22200,12:33,15:29,20073,20249,213.4,191.25,EOD,22.15,3.3,2.15,-1.15,
128,Strategy C,2025-03-05,PE,22100,09:24,13:09,20634,20859,133.19,81.25,SIGNAL,51.94,0.8,0.5,-0.3,
129,Strategy C,2025-03-05,CE,22200,13:33,14:40,20883,20950,262.64,277.65,SL,-15.01,0.5,0.45,-0.05,
130,Strategy C,2025-03-06,PE,22400,13:54,15:29,21279,21374,111.8,101.9,EOD,9.9,5.15,4.0,-1.15,
131,Strategy C,2025-03-07,PE,22550,10:06,12:02,21426,21542,132.25,147.25,SL,-15.0,3.8,3.8,0.0,
132,Strategy C,2025-03-07,CE,22650,12:03,12:31,21543,21571,95.85,110.85,SL,-15.0,1.3,1.35,0.05,
133,Strategy C,2025-03-07,PE,22550,14:48,15:13,21708,21733,107.5,121.95,SL,-14.45,3.3,3.5,0.2,
134,Strategy C,2025-03-10,PE,22500,09:57,10:16,21792,21811,67.85,82.85,SL,-15.0,2.15,2.0,-0.15,
135,Strategy C,2025-03-10,CE,22500,13:48,15:29,22023,22124,136.85,93.0,EOD,43.85,1.1,1.0,-0.1,
136,Strategy C,2025-03-11,CE,22400,09:21,09:28,22131,22138,164.8,179.8,SL,-15.0,1.1,1.15,0.05,
137,Strategy C,2025-03-11,PE,22350,11:03,11:18,22233,22248,60.6,75.6,SL,-15.0,1.9,1.7,-0.2,
138,Strategy C,2025-03-11,PE,22350,13:45,15:29,22395,22499,58.5,43.0,EOD,15.5,1.95,1.3,-0.65,
139,Strategy C,2025-03-12,CE,22600,09:30,13:15,22515,22740,124.0,83.45,SIGNAL,40.55,0.55,0.55,0.0,
140,Strategy C,2025-03-12,PE,22500,13:21,15:29,22746,22874,199.85,161.4,EOD,38.45,0.95,0.95,0.0,
141,Strategy C,2025-03-13,PE,22500,09:57,11:01,22917,22981,125.9,140.9,SL,-15.0,3.9,4.05,0.15,
142,Strategy C,2025-03-13,CE,22500,11:03,11:12,22983,22992,139.85,154.85,SL,-15.0,1.6,1.55,-0.05,
143,Strategy C,2025-03-13,CE,22500,11:39,15:29,23019,23249,123.3,89.35,EOD,33.95,1.6,1.3,-0.3,
144,Strategy C,2025-03-17,CE,22500,10:39,10:55,23334,23350,111.4,126.4,SL,-15.0,1.14,1.05,-0.09,
145,Strategy C,2025-03-17,CE,22500,12:36,13:28,23451,23503,101.95,116.95,SL,-15.0,1.0,1.0,0.0,
146,Strategy C,2025-03-17,PE,22400,14:09,15:29,23544,23624,113.55,111.15,EOD,2.4,1.35,1.1,-0.25,
147,Strategy C,2025-03-18,PE,22600,09:33,12:30,23643,23820,127.2,110.4,SIGNAL,16.8,1.5,1.35,-0.15,
148,Strategy C,2025-03-18,CE,22800,12:36,13:06,23826,23856,170.05,185.05,SL,-15.0,0.45,0.45,0.0,
149,Strategy C,2025-03-18,PE,22600,13:21,15:29,23871,23999,93.35,73.05,EOD,20.3,1.45,1.4,-0.05,
150,Strategy C,2025-03-19,PE,22900,10:18,10:52,24063,24097,143.05,158.05,SL,-15.0,1.2,0.95,-0.25,
151,Strategy C,2025-03-21,PE,23100,10:09,13:39,24804,25014,100.0,88.0,SIGNAL,12.0,2.85,2.75,-0.1,
152,Strategy C,2025-03-21,CE,23200,13:51,14:00,25026,25035,213.05,228.05,SL,-15.0,2.54,2.8,0.26,
153,Strategy C,2025-03-24,PE,23400,09:57,15:29,25167,25499,117.4,80.45,EOD,36.95,2.9,3.8,0.9,
154,Strategy C,2025-03-25,PE,23750,09:39,10:37,25524,25582,107.95,122.95,SL,-15.0,4.59,5.09,0.5,
155,Strategy C,2025-03-25,CE,23750,10:57,10:59,25602,25604,108.65,123.65,SL,-15.0,2.9,2.9,0.0,
156,Strategy C,2025-03-25,CE,23750,11:30,11:59,25635,25664,98.0,113.0,SL,-15.0,2.6,2.6,0.0,
157,Strategy C,2025-03-26,CE,23800,09:48,09:56,25908,25916,142.6,157.6,SL,-15.0,1.2,1.14,-0.06,
158,Strategy C,2025-03-26,CE,23800,12:03,12:36,26043,26076,125.05,140.05,SL,-15.0,0.9,0.75,-0.15,
159,Strategy C,2025-03-26,CE,23800,13:09,15:29,26109,26249,122.55,81.9,EOD,40.65,0.9,1.1,0.2,
160,Strategy C,2025-03-27,PE,23400,10:06,15:29,26301,26624,73.45,60.0,EOD,13.45,7.45,4.3,-3.15,
161,Strategy C,2025-03-28,CE,23700,09:27,10:34,26637,26704,114.55,129.55,SL,-15.0,4.15,3.45,-0.7,
162,Strategy C,2025-03-28,PE,23600,10:36,11:16,26706,26746,118.15,133.15,SL,-15.0,5.09,4.84,-0.25,
163,Strategy C,2025-03-28,CE,23700,12:21,14:30,26811,26940,76.25,64.8,SIGNAL,11.45,2.5,2.4,-0.1,
164,Strategy C,2025-03-28,PE,23600,14:42,15:17,26952,26987,138.3,153.3,SL,-15.0,5.9,5.95,0.05,
165,Strategy C,2025-04-01,CE,23600,10:27,15:29,27072,27374,103.15,56.65,EOD,46.5,1.75,1.2,-0.55,
166,Strategy C,2025-04-02,PE,23200,09:36,09:44,27396,27404,133.1,148.1,SL,-15.0,2.04,1.95,-0.09,
167,Strategy C,2025-04-03,PE,23200,11:57,12:23,27912,27938,108.9,115.35,SL,-6.45,5.2,4.9,-0.3,
168,Strategy C,2025-04-04,CE,23150,09:21,09:33,28131,28143,113.95,128.95,SL,-15.0,2.1,1.75,-0.35,
169,Strategy C,2025-04-04,CE,23150,09:45,15:29,28155,28499,110.2,32.95,EOD,77.25,1.75,1.45,-0.3,
170,Strategy C,2025-04-07,PE,21000,13:45,15:29,28770,28874,83.45,71.0,EOD,12.45,,,0.0,no_hedge
171,Strategy C,2025-04-08,PE,22400,09:21,09:22,28881,28882,116.65,131.65,SL,-15.0,17.85,19.95,2.1,
172,Strategy C,2025-04-08,PE,22400,09:30,09:36,28890,28896,109.2,124.2,SL,-15.0,18.0,22.1,4.1,
173,Strategy C,2025-04-08,PE,22400,09:45,09:51,28905,28911,120.0,135.0,SL,-15.0,21.9,21.7,-0.2,
174,Strategy C,2025-04-08,CE,22600,10:15,10:27,28935,28947,66.7,81.7,SL,-15.0,4.65,4.65,0.0,
175,Strategy C,2025-04-09,PE,22450,10:09,10:10,29304,29305,68.15,83.15,SL,-15.0,2.25,2.4,0.15,
176,Strategy C,2025-04-09,CE,22450,09:24,15:29,29259,29624,91.55,0.1,EOD,91.45,2.7,0.05,-2.65,
177,Strategy C,2025-04-09,PE,22450,12:15,15:29,29430,29624,48.1,50.85,EOD,-2.75,1.1,0.05,-1.05,
178,Strategy C,2025-04-11,PE,22550,09:24,10:36,29634,29706,128.6,143.6,SL,-15.0,20.5,23.25,2.75,
179,Strategy C,2025-04-11,PE,22550,11:15,13:30,29745,29880,106.2,108.85,SIGNAL,-2.65,18.2,23.0,4.8,
180,Strategy C,2025-04-11,CE,23050,14:06,14:49,29916,29959,131.19,146.2,SL,-15.01,10.7,11.3,0.6,
181,Strategy C,2025-04-15,PE,23250,09:42,15:12,30027,30357,101.25,80.2,SIGNAL,21.05,7.05,4.09,-2.96,
182,Strategy C,2025-04-15,CE,23350,13:39,15:21,30264,30366,89.7,82.35,SIGNAL,7.35,2.7,1.8,-0.9,
183,Strategy C,2025-04-16,PE,23200,09:27,10:24,30387,30444,133.8,141.65,SIGNAL,-7.85,1.3,1.2,-0.1,
184,Strategy C,2025-04-16,PE,23200,14:12,15:29,30672,30749,114.1,116.0,EOD,-1.9,1.5,1.75,0.25,
185,Strategy C,2025-04-17,CE,23500,09:24,09:40,30759,30775,121.7,136.7,SL,-15.0,4.95,4.8,-0.15,
186,Strategy C,2025-04-17,PE,23300,11:18,15:29,30873,31124,131.69,54.0,EOD,77.69,13.95,11.9,-2.05,
187,Strategy C,2025-04-21,PE,23900,09:39,13:42,31149,31392,124.7,57.4,SIGNAL,67.3,8.4,7.9,-0.5,
188,Strategy C,2025-04-21,CE,24000,13:45,13:50,31395,31400,201.8,216.8,SL,-15.0,4.3,4.8,0.5,
189,Strategy C,2025-04-22,PE,23900,10:42,11:34,31587,31639,95.15,104.5,SL,-9.35,6.65,5.5,-1.15,
190,Strategy C,2025-04-22,PE,23900,14:42,14:47,31827,31832,90.25,95.95,SL,-5.7,3.7,3.65,-0.05,
191,Strategy C,2025-04-22,CE,24300,14:36,15:29,31821,31874,153.8,148.19,EOD,5.61,1.65,1.14,-0.51,
192,Strategy C,2025-04-24,CE,24400,11:30,15:21,32385,32616,139.35,135.85,SIGNAL,3.5,7.35,4.4,-2.95,
193,Strategy C,2025-04-25,CE,24450,09:45,13:00,32655,32850,93.0,46.2,SIGNAL,46.8,3.75,2.29,-1.46,
194,Strategy C,2025-04-25,PE,24250,12:57,15:21,32847,32991,322.6,301.89,SIGNAL,20.71,32.0,32.75,0.75,
195,Strategy C,2025-04-25,CE,24450,15:21,15:29,32991,32999,38.75,31.55,EOD,7.2,1.75,1.8,0.05,
196,Strategy C,2025-04-28,PE,24150,09:30,14:39,33015,33324,130.19,61.0,SIGNAL,69.19,12.7,11.9,-0.8,
197,Strategy C,2025-04-28,CE,24150,14:39,15:00,33324,33345,222.65,237.65,SL,-15.0,1.65,1.85,0.2,
198,Strategy C,2025-04-29,CE,24600,12:30,12:37,33570,33577,123.35,131.15,SL,-7.8,1.25,1.5,0.25,
199,Strategy C,2025-04-29,CE,24600,14:54,15:29,33714,33749,121.95,114.25,EOD,7.7,1.14,0.7,-0.44,
200,Strategy C,2025-04-30,PE,24000,15:03,15:14,34098,34109,113.55,119.35,SL,-5.8,26.0,26.0,0.0,
201,Strategy C,2025-05-02,PE,24250,09:21,10:57,34131,34227,128.5,116.85,SIGNAL,11.65,22.55,14.9,-7.65,
202,Strategy C,2025-05-02,CE,24600,10:48,13:27,34218,34377,141.69,85.5,SIGNAL,56.19,2.5,2.6,0.1,
203,Strategy C,2025-05-02,PE,24250,13:27,14:25,34377,34435,130.55,145.55,SL,-15.0,20.35,24.35,4.0,
204,Strategy C,2025-05-02,CE,24600,14:27,15:29,34437,34499,64.8,51.45,EOD,13.35,2.2,1.9,-0.3,
205,Strategy C,2025-05-05,PE,24400,09:27,09:30,34512,34515,113.05,128.05,SL,-15.0,11.3,12.3,1.0,
206,Strategy C,2025-05-05,CE,24450,11:48,13:55,34653,34780,109.0,124.0,SL,-15.0,2.0,2.04,0.04,
207,Strategy C,2025-05-05,PE,24400,09:48,15:09,34533,34854,112.85,88.8,SIGNAL,24.05,12.55,13.5,0.95,
208,Strategy C,2025-05-06,PE,24200,12:21,12:34,35061,35074,131.9,137.15,SL,-5.25,6.8,7.4,0.6,
209,Strategy C,2025-05-06,CE,24700,09:24,14:00,34884,35160,123.9,86.0,SIGNAL,37.9,1.65,1.4,-0.25,
210,Strategy C,2025-05-06,CE,24700,15:21,15:29,35241,35249,73.55,72.95,EOD,0.6,1.14,1.14,0.0,
211,Strategy C,2025-05-07,CE,24500,10:21,10:24,35316,35319,142.0,157.0,SL,-15.0,1.35,1.3,-0.05,
212,Strategy C,2025-05-07,PE,24100,11:21,11:52,35376,35407,119.95,132.8,SL,-12.85,7.8,8.19,0.39,
213,Strategy C,2025-05-08,PE,24200,10:06,13:09,35676,35859,122.3,127.0,SIGNAL,-4.7,19.1,25.25,6.15,
214,Strategy C,2025-05-08,CE,24600,09:42,14:03,35652,35913,106.85,107.45,SIGNAL,-0.6,3.5,3.75,0.25,
215,Strategy C,2025-05-08,CE,24600,15:00,15:29,35970,35999,85.5,66.0,EOD,19.5,2.29,2.25,-0.04,
216,Strategy C,2025-05-09,PE,23400,11:30,12:20,36135,36185,92.6,105.65,SL,-13.05,34.45,38.7,4.25,
217,Strategy C,2025-05-09,CE,24350,13:06,15:29,36231,36374,79.2,78.0,EOD,1.2,2.7,2.4,-0.3,
218,Strategy C,2025-05-12,PE,24550,09:21,09:23,36381,36383,134.69,149.7,SL,-15.01,14.45,12.4,-2.05,
219,Strategy C,2025-05-12,PE,24550,09:30,15:29,36390,36749,124.6,76.34,EOD,48.26,12.85,10.7,-2.15,
220,Strategy C,2025-05-13,CE,25050,09:24,15:29,36759,37124,98.65,21.95,EOD,76.7,3.45,1.65,-1.8,
221,Strategy C,2025-05-14,PE,24650,09:21,09:35,37131,37145,115.95,130.95,SL,-15.0,2.54,2.25,-0.29,
222,Strategy C,2025-05-14,PE,24650,09:42,11:49,37152,37279,94.3,109.3,SL,-15.0,2.1,1.5,-0.6,
223,Strategy C,2025-05-14,CE,24900,11:45,13:27,37275,37377,134.3,127.35,SIGNAL,6.95,1.05,0.9,-0.15,
224,Strategy C,2025-05-15,CE,24800,09:39,10:31,37524,37576,127.1,142.1,SL,-15.0,4.34,4.45,0.11,
225,Strategy C,2025-05-15,PE,24500,13:15,15:29,37740,37874,93.55,56.05,EOD,37.5,12.2,9.65,-2.55,
226,Strategy C,2025-05-16,PE,24900,09:33,09:34,37893,37894,121.2,136.2,SL,-15.0,13.45,14.7,1.25,
227,Strategy C,2025-05-16,CE,25200,11:09,12:45,37989,38085,95.0,110.0,SL,-15.0,4.59,5.0,0.41,
228,Strategy C,2025-05-16,PE,24900,13:15,15:29,38115,38249,120.0,124.85,EOD,-4.85,11.0,11.3,0.3,
229,Strategy C,2025-05-19,PE,24900,10:18,12:00,38313,38415,103.7,118.7,SL,-15.0,7.2,6.35,-0.85,
230,Strategy C,2025-05-19,CE,25100,12:03,15:29,38418,38624,117.55,83.0,EOD,34.55,3.35,3.0,-0.35,
231,Strategy C,2025-05-20,CE,25000,09:36,10:45,38646,38715,101.75,116.75,SL,-15.0,3.5,3.05,-0.45,
232,Strategy C,2025-05-20,CE,25000,11:54,15:29,38784,38999,80.5,41.45,EOD,39.05,2.65,2.1,-0.55,
233,Strategy C,2025-05-21,PE,24500,09:42,11:48,39027,39153,112.55,107.25,SIGNAL,5.3,1.3,1.1,-0.2,
234,Strategy C,2025-05-21,CE,25000,11:48,13:21,39153,39246,176.2,184.35,SIGNAL,-8.15,1.14,1.05,-0.09,
235,Strategy C,2025-05-22,CE,24900,09:21,14:42,39381,39702,133.65,87.55,SIGNAL,46.1,6.8,4.84,-1.96,
236,Strategy C,2025-05-22,PE,24500,15:09,15:29,39729,39749,138.44,128.15,EOD,10.29,11.25,8.05,-3.2,
237,Strategy C,2025-05-23,PE,24500,09:24,11:51,39759,39906,106.1,92.3,SIGNAL,13.8,7.4,7.5,0.1,
238,Strategy C,2025-05-23,CE,24800,14:45,15:29,40080,40124,249.4,249.85,EOD,-0.45,7.45,5.65,-1.8,
239,Strategy C,2025-05-26,PE,24850,09:27,10:26,40137,40196,120.8,135.8,SL,-15.0,7.95,9.3,1.35,
240,Strategy C,2025-05-26,PE,24850,15:00,15:29,40470,40499,122.4,129.05,EOD,-6.65,7.1,8.19,1.09,
241,Strategy C,2025-05-27,CE,25100,09:21,11:05,40506,40610,117.5,132.5,SL,-15.0,2.35,1.8,-0.55,
242,Strategy C,2025-05-27,CE,25100,13:03,15:29,40728,40874,113.6,91.2,EOD,22.4,2.15,1.9,-0.25,
243,Strategy C,2025-05-27,PE,24750,15:09,15:29,40854,40874,128.15,129.65,EOD,-1.5,3.2,3.25,0.05,
244,Strategy C,2025-05-28,CE,25000,09:33,12:54,40893,41094,96.9,89.1,SIGNAL,7.8,2.15,1.55,-0.6,
245,Strategy C,2025-05-28,PE,24650,12:36,15:03,41076,41223,59.7,62.0,SIGNAL,-2.3,1.0,0.95,-0.05,
246,Strategy C,2025-05-28,CE,25000,13:36,15:29,41136,41249,60.4,37.79,EOD,22.61,1.4,1.55,0.15,
247,Strategy C,2025-05-29,CE,25100,09:54,10:05,41289,41300,118.65,133.65,SL,-15.0,6.15,6.25,0.1,
248,Strategy C,2025-05-29,PE,24700,10:06,10:12,41301,41307,147.6,162.6,SL,-15.0,10.25,10.3,0.05,
249,Strategy C,2025-05-29,CE,25100,10:42,15:09,41337,41604,107.5,108.9,SIGNAL,-1.4,5.0,4.84,-0.16,
250,Strategy C,2025-05-29,PE,24700,14:57,15:29,41592,41624,155.5,122.5,EOD,33.0,7.55,5.7,-1.85,
251,Strategy C,2025-05-30,CE,25000,12:03,13:05,41793,41855,113.0,125.75,SL,-12.75,3.75,3.95,0.2,
252,Strategy C,2025-05-30,PE,24650,13:57,14:12,41907,41922,128.8,143.5,SL,-14.7,5.15,5.6,0.45,
253,Strategy C,2025-06-02,CE,24750,09:21,10:10,42006,42055,126.7,141.7,SL,-15.0,4.95,4.55,-0.4,
254,Strategy C,2025-06-02,PE,24400,13:21,15:29,42246,42374,89.35,92.05,EOD,-2.7,2.95,3.1,0.15,
255,Strategy C,2025-06-03,PE,24550,10:27,10:38,42447,42458,118.65,133.65,SL,-15.0,3.6,3.15,-0.45,
256,Strategy C,2025-06-03,PE,24550,13:36,15:15,42636,42735,131.2,127.75,SIGNAL,3.45,2.35,1.6,-0.75,
257,Strategy C,2025-06-03,CE,24950,12:54,15:29,42594,42749,74.15,32.9,EOD,41.25,1.9,1.35,-0.55,
258,Strategy C,2025-06-04,PE,24400,10:03,15:29,42798,43124,137.1,113.0,EOD,24.1,0.8,0.6,-0.2,
259,Strategy C,2025-06-05,CE,24800,10:54,11:17,43224,43247,149.4,164.4,SL,-15.0,4.2,4.5,0.3,
260,Strategy C,2025-06-05,PE,24500,09:24,13:33,43134,43383,115.8,85.7,SIGNAL,30.1,5.85,6.0,0.15,
261,Strategy C,2025-06-05,CE,24800,14:03,14:26,43413,43436,170.45,185.45,SL,-15.0,4.85,5.1,0.25,
262,Strategy C,2025-06-06,CE,24850,09:30,10:06,43515,43551,121.25,136.25,SL,-15.0,3.5,4.15,0.65,
263,Strategy C,2025-06-06,PE,24650,10:33,15:29,43578,43874,86.25,52.15,EOD,34.1,4.2,4.6,0.4,
264,Strategy C,2025-06-09,CE,25150,11:51,15:29,44031,44249,117.3,112.55,EOD,4.75,1.6,1.5,-0.1,
265,Strategy C,2025-06-09,PE,25050,10:33,15:29,43953,44249,112.45,107.1,EOD,5.35,4.05,3.9,-0.15,
266,Strategy C,2025-06-10,PE,25150,09:27,09:29,44262,44264,111.15,126.15,SL,-15.0,3.0,3.45,0.45,
267,Strategy C,2025-06-10,CE,25400,09:30,09:38,44265,44273,106.5,121.5,SL,-15.0,1.35,1.2,-0.15,
268,Strategy C,2025-06-10,PE,25150,10:15,10:52,44310,44347,104.6,119.6,SL,-15.0,2.9,3.0,0.1,
269,Strategy C,2025-06-10,CE,25400,10:57,15:29,44352,44624,104.1,81.3,EOD,22.8,1.15,0.9,-0.25,
270,Strategy C,2025-06-11,PE,25000,09:21,13:33,44631,44883,123.25,99.25,SIGNAL,24.0,1.15,1.05,-0.1,
271,Strategy C,2025-06-11,CE,25200,13:33,15:29,44883,44999,185.05,161.65,EOD,23.4,0.8,0.8,0.0,
272,Strategy C,2025-06-12,PE,25100,09:27,09:39,45012,45024,124.85,138.0,SL,-13.15,6.7,7.1,0.4,
273,Strategy C,2025-06-12,CE,25200,09:57,15:29,45042,45374,144.35,59.85,EOD,84.5,2.6,1.95,-0.65,
274,Strategy C,2025-06-13,PE,24400,11:39,14:45,45519,45705,81.0,85.45,SIGNAL,-4.45,10.2,10.55,0.35,
275,Strategy C,2025-06-13,CE,24750,14:57,15:09,45717,45729,132.4,147.2,SL,-14.8,3.9,3.75,-0.15,
276,Strategy C,2025-06-16,PE,24750,09:21,09:46,45756,45781,127.85,142.85,SL,-15.0,8.75,9.0,0.25,
277,Strategy C,2025-06-16,PE,24750,10:21,15:29,45816,46124,116.25,66.4,EOD,49.85,7.4,8.7,1.3,
278,Strategy C,2025-06-17,CE,24950,09:24,15:29,46134,46499,96.0,57.35,EOD,38.65,1.55,1.05,-0.5,
279,Strategy C,2025-06-18,PE,24700,09:27,10:51,46512,46596,128.0,134.8,SIGNAL,-6.8,1.7,1.35,-0.35,
280,Strategy C,2025-06-18,CE,25000,10:54,15:00,46599,46845,139.9,128.55,SIGNAL,11.35,0.8,0.9,0.1,
281,Strategy C,2025-06-19,CE,24900,09:21,09:22,46881,46882,130.2,145.2,SL,-15.0,4.2,4.3,0.1,
282,Strategy C,2025-06-19,PE,24700,09:36,11:25,46896,47005,126.7,141.7,SL,-15.0,12.4,15.3,2.9,
283,Strategy C,2025-06-19,CE,24900,12:48,13:59,47088,47159,141.4,150.05,SL,-8.65,4.25,3.45,-0.8,
284,Strategy C,2025-06-19,PE,24700,14:06,15:00,47166,47220,131.7,139.75,SL,-8.05,14.9,14.95,0.05,
285,Strategy C,2025-06-20,PE,24800,09:45,12:36,47280,47451,121.75,83.4,SIGNAL,38.35,9.55,9.05,-0.5,
286,Strategy C,2025-06-20,CE,24950,12:36,12:42,47451,47457,191.45,206.45,SL,-15.0,2.75,3.1,0.35,
287,Strategy C,2025-06-20,PE,24800,13:12,15:29,47487,47624,66.95,64.3,EOD,2.65,9.3,10.95,1.65,
288,Strategy C,2025-06-23,CE,24950,09:21,11:38,47631,47768,136.6,151.6,SL,-15.0,2.1,1.8,-0.3,
289,Strategy C,2025-06-23,CE,24950,15:21,15:29,47991,47999,157.65,155.0,EOD,2.65,1.6,1.55,-0.05,
290,Strategy C,2025-06-23,PE,24900,11:24,15:29,47754,47999,127.25,96.45,EOD,30.8,7.5,6.5,-1.0,
291,Strategy C,2025-06-24,PE,25100,10:18,10:20,48063,48065,143.4,158.4,SL,-15.0,4.15,4.3,0.15,
292,Strategy C,2025-06-24,PE,25100,12:00,12:40,48165,48205,132.95,145.0,SL,-12.05,4.1,3.65,-0.45,
293,Strategy C,2025-06-24,CE,25400,12:42,12:51,48207,48216,150.8,165.8,SL,-15.0,1.0,0.95,-0.05,
294,Strategy C,2025-06-24,CE,25400,13:18,15:29,48243,48374,133.0,87.8,EOD,45.2,0.95,0.95,0.0,
295,Strategy C,2025-06-25,CE,25300,12:51,13:04,48591,48604,146.25,157.45,SL,-11.2,0.65,0.6,-0.05,
296,Strategy C,2025-06-25,PE,25000,09:27,15:29,48387,48749,120.55,90.35,EOD,30.2,1.2,1.8,0.6,
297,Strategy C,2025-06-26,PE,25200,09:24,10:44,48759,48839,124.45,139.45,SL,-15.0,11.75,11.8,0.05,
298,Strategy C,2025-06-26,PE,25200,12:39,12:52,48954,48967,99.95,112.55,SL,-12.6,8.45,9.0,0.55,
299,Strategy C,2025-06-26,PE,25200,13:48,15:29,49023,49124,92.55,63.05,EOD,29.5,9.45,6.4,-3.05,
300,Strategy C,2025-06-27,PE,25550,11:06,15:29,49236,49499,122.85,90.6,EOD,32.25,7.65,5.85,-1.8,
301,Strategy C,2025-06-30,CE,25650,09:36,15:29,49521,49874,125.5,73.55,EOD,51.95,1.6,1.75,0.15,
302,Strategy C,2025-06-30,PE,25500,15:15,15:29,49860,49874,186.15,187.9,EOD,-1.75,2.6,2.5,-0.1,
303,Strategy C,2025-07-01,CE,25700,11:03,12:36,49983,50076,132.0,139.15,SIGNAL,-7.15,1.3,1.25,-0.05,
304,Strategy C,2025-07-01,PE,25550,09:27,15:29,49887,50249,105.25,85.0,EOD,20.25,2.2,1.2,-1.0,
305,Strategy C,2025-07-02,PE,25500,09:24,09:31,50259,50266,121.6,136.6,SL,-15.0,1.0,1.05,0.05,
306,Strategy C,2025-07-02,CE,25700,09:45,15:06,50280,50601,121.9,86.35,SIGNAL,35.55,0.8,0.65,-0.15,
307,Strategy C,2025-07-02,PE,25500,15:03,15:29,50598,50624,181.65,185.0,EOD,-3.35,0.75,0.6,-0.15,
308,Strategy C,2025-07-03,PE,25500,09:21,09:22,50631,50632,137.7,152.7,SL,-15.0,6.7,7.1,0.4,
309,Strategy C,2025-07-03,PE,25500,09:57,11:47,50667,50777,137.95,152.95,SL,-15.0,6.2,6.7,0.5,
310,Strategy C,2025-07-03,CE,25600,13:18,13:34,50868,50884,120.2,135.15,SL,-14.95,1.95,1.95,0.0,
311,Strategy C,2025-07-03,PE,25500,13:39,13:49,50889,50899,125.15,140.15,SL,-15.0,5.9,5.9,0.0,
312,Strategy C,2025-07-04,CE,25500,09:24,09:27,51009,51012,113.35,128.35,SL,-15.0,2.15,2.15,0.0,
313,Strategy C,2025-07-04,CE,25500,09:39,14:36,51024,51321,108.05,107.45,SIGNAL,0.6,2.05,1.65,-0.4,
314,Strategy C,2025-07-04,PE,25400,14:36,15:29,51321,51374,124.35,101.2,EOD,23.15,4.3,4.4,0.1,
315,Strategy C,2025-07-07,PE,25450,09:33,10:10,51393,51430,112.2,127.2,SL,-15.0,3.25,3.2,-0.05,
316,Strategy C,2025-07-08,CE,25600,10:24,12:27,51819,51942,128.35,132.0,SIGNAL,-3.65,0.9,0.85,-0.05,
317,Strategy C,2025-07-08,PE,25400,09:27,15:29,51762,52124,134.25,101.35,EOD,32.9,1.9,1.6,-0.3,
318,Strategy C,2025-07-09,CE,25600,09:30,10:10,52140,52180,126.3,141.3,SL,-15.0,0.6,0.65,0.05,
319,Strategy C,2025-07-09,PE,25500,09:57,13:06,52167,52356,136.5,129.3,SIGNAL,7.2,1.05,0.85,-0.2,
320,Strategy C,2025-07-09,CE,25600,14:18,15:29,52428,52499,135.1,114.2,EOD,20.9,0.7,0.55,-0.15,
321,Strategy C,2025-07-10,PE,25500,12:30,13:44,52695,52769,182.05,197.05,SL,-15.0,7.15,7.6,0.45,
322,Strategy C,2025-07-10,CE,25500,09:21,15:29,52506,52874,142.3,84.7,EOD,57.6,2.3,1.7,-0.6,
323,Strategy C,2025-07-11,CE,25300,10:06,15:29,52926,53249,116.95,70.0,EOD,46.95,2.0,1.7,-0.3,
324,Strategy C,2025-07-14,CE,25100,09:24,09:50,53259,53285,106.75,121.75,SL,-15.0,2.05,1.9,-0.15,
325,Strategy C,2025-07-14,CE,25100,11:18,14:53,53373,53588,102.6,116.85,SL,-14.25,1.8,1.95,0.15,
326,Strategy C,2025-07-14,PE,25000,14:54,15:29,53589,53624,118.15,116.0,EOD,2.15,2.35,1.95,-0.4,
327,Strategy C,2025-07-15,PE,25100,09:30,09:40,53640,53650,129.7,144.7,SL,-15.0,1.5,1.4,-0.1,
328,Strategy C,2025-07-15,PE,25100,10:39,13:30,53709,53880,125.9,109.35,SIGNAL,16.55,1.35,1.25,-0.1,
329,Strategy C,2025-07-15,CE,25200,13:27,15:24,53877,53994,176.1,187.2,SIGNAL,-11.1,1.15,0.65,-0.5,
330,Strategy C,2025-07-15,PE,25100,15:18,15:29,53988,53999,98.5,88.5,EOD,10.0,1.1,1.05,-0.05,
331,Strategy C,2025-07-16,CE,25200,09:21,11:54,54006,54159,142.25,148.0,SIGNAL,-5.75,0.7,0.65,-0.05,
332,Strategy C,2025-07-16,PE,25200,11:54,15:29,54159,54374,142.9,125.85,EOD,17.05,0.7,0.9,0.2,
333,Strategy C,2025-07-17,CE,25200,09:21,09:24,54381,54384,141.75,156.75,SL,-15.0,2.45,2.65,0.2,
334,Strategy C,2025-07-17,CE,25200,09:36,11:39,54396,54519,138.05,149.1,SIGNAL,-11.05,2.65,2.45,-0.2,
335,Strategy C,2025-07-17,CE,25200,13:06,13:53,54606,54653,132.0,142.3,SL,-10.3,2.2,2.2,0.0,
336,Strategy C,2025-07-17,PE,25200,11:27,14:11,54507,54671,126.65,138.65,SL,-12.0,5.35,4.7,-0.65,
337,Strategy C,2025-07-18,CE,25100,09:27,14:30,54762,55065,124.85,90.65,SIGNAL,34.2,1.95,1.8,-0.15,
338,Strategy C,2025-07-18,PE,25000,13:45,15:29,55020,55124,174.4,175.45,EOD,-1.05,4.05,4.4,0.35,
339,Strategy C,2025-07-21,CE,24950,09:21,09:47,55131,55157,113.15,128.15,SL,-15.0,1.85,2.0,0.15,
340,Strategy C,2025-07-21,PE,24900,09:51,11:45,55161,55275,115.65,106.2,SIGNAL,9.45,2.1,1.6,-0.5,
341,Strategy C,2025-07-21,CE,24950,14:00,14:21,55410,55431,149.0,164.0,SL,-15.0,1.65,1.65,0.0,
342,Strategy C,2025-07-21,PE,24900,15:00,15:29,55470,55499,88.95,77.6,EOD,11.35,1.7,1.45,-0.25,
343,Strategy C,2025-07-22,CE,25200,11:09,12:23,55614,55688,106.15,117.95,SL,-11.8,1.2,1.15,-0.05,
344,Strategy C,2025-07-22,PE,25200,12:30,14:22,55695,55807,187.1,202.1,SL,-15.0,1.55,1.45,-0.1,
345,Strategy C,2025-07-22,CE,25200,14:39,15:29,55824,55874,96.95,96.15,EOD,0.8,1.2,0.6,-0.6,
346,Strategy C,2025-07-23,PE,25100,12:03,15:29,56043,56249,99.35,69.0,EOD,30.35,0.8,1.0,0.2,
347,Strategy C,2025-07-24,CE,25200,09:24,15:29,56259,56624,140.65,74.0,EOD,66.65,2.3,1.55,-0.75,
348,Strategy C,2025-07-25,CE,24950,09:21,09:28,56631,56638,121.15,136.15,SL,-15.0,2.6,2.7,0.1,
349,Strategy C,2025-07-25,CE,24950,09:42,15:29,56652,56999,133.05,78.05,EOD,55.0,2.4,2.65,0.25,
350,Strategy C,2025-07-28,PE,24700,10:24,10:38,57069,57083,93.6,108.5,SL,-14.9,1.9,1.85,-0.05,
351,Strategy C,2025-07-28,CE,24900,13:00,15:29,57225,57374,134.15,117.0,EOD,17.15,2.3,2.1,-0.2,
352,Strategy C,2025-07-29,PE,24600,12:39,15:29,57579,57749,109.05,67.5,EOD,41.55,2.2,1.0,-1.2,
353,Strategy C,2025-07-30,PE,24800,09:45,09:48,57780,57783,116.05,131.05,SL,-15.0,1.1,0.95,-0.15,
354,Strategy C,2025-07-30,PE,24800,11:21,15:29,57876,58124,111.8,114.75,EOD,-2.95,1.2,0.7,-0.5,
355,Strategy C,2025-07-31,PE,24600,11:06,14:33,58236,58443,88.65,62.65,SIGNAL,26.0,7.15,5.6,-1.55,
356,Strategy C,2025-07-31,CE,24700,14:48,15:29,58458,58499,266.7,210.0,EOD,56.7,4.65,2.95,-1.7,
357,Strategy C,2025-08-01,CE,24750,11:33,15:29,58638,58874,120.6,71.3,EOD,49.3,2.55,1.75,-0.8,
358,Strategy C,2025-08-04,PE,24500,09:27,09:44,58887,58904,126.8,141.8,SL,-15.0,2.6,2.8,0.2,
359,Strategy C,2025-08-04,PE,24500,12:36,13:28,59076,59128,109.75,119.3,SL,-9.55,2.4,2.5,0.1,
360,Strategy C,2025-08-04,PE,24500,14:33,14:45,59193,59205,97.4,106.0,SL,-8.6,2.35,2.35,0.0,
361,Strategy C,2025-08-04,PE,24500,15:27,15:29,59247,59249,94.4,93.45,EOD,0.95,2.25,2.1,-0.15,
362,Strategy C,2025-08-05,PE,24600,12:15,12:32,59430,59447,138.05,148.1,SL,-10.05,1.6,1.45,-0.15,
363,Strategy C,2025-08-05,CE,24800,09:27,15:12,59262,59607,131.7,110.2,SIGNAL,21.5,0.85,0.55,-0.3,
364,Strategy C,2025-08-05,PE,24600,15:12,15:29,59607,59624,134.4,131.0,EOD,3.4,1.25,1.15,-0.1,
365,Strategy C,2025-08-06,PE,24600,09:24,09:37,59634,59647,126.35,141.35,SL,-15.0,1.1,1.0,-0.1,
366,Strategy C,2025-08-06,CE,24700,10:36,12:21,59706,59811,114.1,128.95,SIGNAL,-14.85,0.75,0.65,-0.1,
367,Strategy C,2025-08-06,PE,24600,12:24,12:51,59814,59841,136.05,148.15,SL,-12.1,0.95,0.8,-0.15,
368,Strategy C,2025-08-06,CE,24700,14:03,15:29,59913,59999,114.3,108.5,EOD,5.8,0.7,0.65,-0.05,
369,Strategy C,2025-08-07,CE,24500,10:00,14:06,60045,60291,154.8,112.7,SIGNAL,42.1,2.55,2.4,-0.15,
370,Strategy C,2025-08-07,PE,24500,14:15,15:29,60300,60374,167.55,68.45,EOD,99.1,6.5,3.95,-2.55,
371,Strategy C,2025-08-08,CE,24600,09:48,12:57,60408,60597,96.2,91.15,SIGNAL,5.05,1.8,1.75,-0.05,
372,Strategy C,2025-08-08,PE,24500,12:57,13:01,60597,60601,168.6,183.6,SL,-15.0,4.1,4.2,0.1,
373,Strategy C,2025-08-08,CE,24600,15:03,15:29,60723,60749,62.2,53.4,EOD,8.8,1.85,1.5,-0.35,
374,Strategy C,2025-08-11,PE,24300,10:30,11:54,60825,60909,104.05,115.0,SIGNAL,-10.95,2.3,2.1,-0.2,
375,Strategy C,2025-08-11,CE,24400,11:54,12:01,60909,60916,136.95,151.95,SL,-15.0,1.5,1.55,0.05,
376,Strategy C,2025-08-11,PE,24300,13:03,15:29,60978,61124,83.95,71.2,EOD,12.75,2.05,2.3,0.25,
377,Strategy C,2025-08-12,PE,24600,09:24,10:30,61134,61200,148.2,137.0,SIGNAL,11.2,2.5,2.05,-0.45,
378,Strategy C,2025-08-12,CE,24600,10:45,12:23,61215,61313,175.9,190.9,SL,-15.0,1.05,1.05,0.0,
379,Strategy C,2025-08-12,PE,24600,12:24,13:15,61314,61365,134.1,149.1,SL,-15.0,2.0,1.9,-0.1,
380,Strategy C,2025-08-12,CE,24600,13:33,13:58,61383,61408,161.1,176.1,SL,-15.0,1.05,0.95,-0.1,
381,Strategy C,2025-08-13,PE,24600,09:51,10:45,61536,61590,128.7,143.7,SL,-15.0,1.1,1.15,0.05,
382,Strategy C,2025-08-13,CE,24600,12:03,12:20,61668,61685,152.6,166.15,SL,-13.55,0.75,0.8,0.05,
383,Strategy C,2025-08-13,PE,24600,12:48,15:29,61713,61874,110.0,105.4,EOD,4.6,1.2,1.25,0.05,
384,Strategy C,2025-08-14,CE,24700,11:45,12:55,62025,62095,119.1,129.8,SL,-10.7,2.25,2.0,-0.25,
385,Strategy C,2025-08-14,PE,24700,12:57,13:29,62097,62129,141.85,154.5,SL,-12.65,6.3,7.0,0.7,
386,Strategy C,2025-08-14,CE,24700,14:18,14:55,62178,62215,112.9,127.15,SL,-14.25,1.8,1.8,0.0,
387,Strategy C,2025-08-18,PE,24950,09:21,12:08,62256,62423,118.1,133.1,SL,-15.0,3.6,2.85,-0.75,
388,Strategy C,2025-08-18,CE,24950,11:57,15:29,62412,62624,128.75,101.6,EOD,27.15,1.65,1.25,-0.4,
389,Strategy C,2025-08-19,CE,25000,09:39,11:06,62649,62736,135.85,150.85,SL,-15.0,1.15,1.0,-0.15,
390,Strategy C,2025-08-19,PE,24900,10:15,14:06,62685,62916,125.55,111.15,SIGNAL,14.4,1.7,1.8,0.1,
391,Strategy C,2025-08-19,CE,25000,13:54,14:35,62904,62945,161.45,175.15,SL,-13.7,1.05,0.9,-0.15,
392,Strategy C,2025-08-19,PE,24900,14:42,14:45,62952,62955,92.9,101.7,SL,-8.8,1.75,1.5,-0.25,
393,Strategy C,2025-08-20,CE,25000,09:30,09:45,63015,63030,129.3,144.3,SL,-15.0,0.7,0.7,0.0,
394,Strategy C,2025-08-20,PE,25000,11:09,15:29,63114,63374,125.3,105.7,EOD,19.6,1.25,1.25,0.0,
395,Strategy C,2025-08-21,PE,25100,10:00,12:30,63420,63570,112.05,114.15,SIGNAL,-2.1,5.7,5.4,-0.3,
396,Strategy C,2025-08-21,CE,25100,12:30,12:37,63570,63577,141.75,154.7,SL,-12.95,2.05,2.05,0.0,
397,Strategy C,2025-08-21,CE,25100,13:42,13:49,63642,63649,130.75,145.75,SL,-15.0,1.7,1.65,-0.05,
398,Strategy C,2025-08-21,CE,25100,15:18,15:29,63738,63749,134.8,128.1,EOD,6.7,1.4,1.35,-0.05,
399,Strategy C,2025-08-22,PE,25000,13:36,14:14,64011,64049,159.05,172.9,SL,-13.85,3.2,3.3,0.1,
400,Strategy C,2025-08-22,CE,25100,10:03,15:29,63798,64124,120.2,92.2,EOD,28.0,1.5,1.7,0.2,
401,Strategy C,2025-08-25,PE,24900,09:27,14:33,64137,64443,112.4,86.0,SIGNAL,26.4,1.95,2.0,0.05,
402,Strategy C,2025-08-25,CE,25000,14:24,15:29,64434,64499,146.35,142.65,EOD,3.7,0.9,1.05,0.15,
403,Strategy C,2025-08-26,PE,24900,11:30,11:42,64635,64647,148.25,162.7,SL,-14.45,2.6,2.2,-0.4,
404,Strategy C,2025-08-26,CE,24900,09:21,15:29,64506,64874,120.0,73.95,EOD,46.05,1.35,0.65,-0.7,
405,Strategy C,2025-08-28,CE,24600,09:24,09:40,64884,64900,118.6,133.6,SL,-15.0,4.4,5.15,0.75,
406,Strategy C,2025-08-28,CE,24600,10:21,10:32,64941,64952,117.6,132.6,SL,-15.0,3.7,3.9,0.2,
407,Strategy C,2025-08-28,PE,24600,11:00,11:55,64980,65035,79.75,94.75,SL,-15.0,4.0,4.0,0.0,
408,Strategy C,2025-08-28,CE,24600,12:21,15:29,65061,65249,134.8,91.6,EOD,43.2,2.55,1.3,-1.25,
409,Strategy C,2025-08-29,CE,24550,09:51,10:34,65286,65329,89.95,104.95,SL,-15.0,1.45,1.35,-0.1,
410,Strategy C,2025-08-29,PE,24500,11:18,13:01,65373,65476,119.6,134.6,SL,-15.0,1.9,1.9,0.0,
411,Strategy C,2025-08-29,CE,24550,12:30,14:24,65445,65559,94.8,90.3,SIGNAL,4.5,0.95,1.05,0.1,
412,Strategy C,2025-08-29,CE,24550,14:42,15:29,65577,65624,57.15,53.8,EOD,3.35,1.1,0.95,-0.15,
413,Strategy C,2025-09-01,PE,24500,09:24,15:29,65634,65999,118.05,66.95,EOD,51.1,0.9,1.2,0.3,
414,Strategy C,2025-09-02,PE,24700,09:36,13:21,66021,66246,120.95,109.85,SIGNAL,11.1,5.0,5.3,0.3,
415,Strategy C,2025-09-02,CE,24700,13:21,15:29,66246,66374,154.4,91.0,EOD,63.4,1.8,1.4,-0.4,
416,Strategy C,2025-09-03,CE,24550,09:21,09:26,66381,66386,140.45,155.45,SL,-15.0,1.8,1.75,-0.05,
417,Strategy C,2025-09-03,CE,24550,10:54,11:10,66474,66490,135.45,150.45,SL,-15.0,1.85,1.85,0.0,
418,Strategy C,2025-09-03,PE,24500,10:03,12:57,66423,66597,116.6,108.7,SIGNAL,7.9,2.95,3.15,0.2,
419,Strategy C,2025-09-03,PE,24500,14:12,15:29,66672,66749,89.0,76.1,EOD,12.9,3.15,2.9,-0.25,
420,Strategy C,2025-09-04,CE,24850,14:15,15:29,67050,67124,79.1,59.95,EOD,19.15,1.75,1.05,-0.7,
421,Strategy C,2025-09-05,PE,24800,09:21,09:23,67131,67133,119.95,134.95,SL,-15.0,1.85,1.85,0.0,
422,Strategy C,2025-09-05,CE,24900,10:15,13:36,67185,67386,93.35,87.0,SIGNAL,6.35,1.15,0.95,-0.2,
423,Strategy C,2025-09-05,PE,24800,13:36,15:29,67386,67499,186.45,150.0,EOD,36.45,2.45,1.3,-1.15,
424,Strategy C,2025-09-08,PE,24800,09:36,10:30,67521,67575,110.3,125.3,SL,-15.0,1.3,1.25,-0.05,
425,Strategy C,2025-09-08,PE,24800,12:24,14:48,67689,67833,99.4,109.15,SL,-9.75,1.4,1.3,-0.1,
426,Strategy C,2025-09-08,CE,24800,15:03,15:29,67848,67874,155.3,163.0,EOD,-7.7,0.75,0.6,-0.15,
427,Strategy C,2025-09-09,PE,24900,15:27,15:29,68247,68249,122.15,122.05,EOD,0.1,3.95,3.85,-0.1,
428,Strategy C,2025-09-10,PE,24900,10:06,13:15,68301,68490,111.65,119.2,SIGNAL,-7.55,3.8,3.45,-0.35,
429,Strategy C,2025-09-10,CE,24950,13:03,15:29,68478,68624,149.15,154.55,EOD,-5.4,1.85,1.65,-0.2,
430,Strategy C,2025-09-11,CE,24950,11:51,12:03,68781,68793,127.25,137.65,SL,-10.4,1.7,1.65,-0.05,
431,Strategy C,2025-09-11,PE,25000,12:18,15:29,68808,68999,134.0,119.95,EOD,14.05,3.45,2.95,-0.5,
432,Strategy C,2025-09-12,CE,25100,15:00,15:29,69345,69374,179.5,188.3,EOD,-8.8,0.65,0.6,-0.05,
433,Strategy C,2025-09-12,PE,25100,10:03,15:29,69048,69374,132.45,111.45,EOD,21.0,2.3,2.75,0.45,
434,Strategy C,2025-09-15,CE,25100,09:21,09:27,69381,69387,165.9,176.8,SL,-10.9,0.65,0.65,0.0,
435,Strategy C,2025-09-15,CE,25100,09:36,12:03,69396,69543,163.1,166.0,SIGNAL,-2.9,0.7,0.7,0.0,
436,Strategy C,2025-09-15,PE,25100,12:00,13:42,69540,69642,109.55,117.05,SL,-7.5,1.55,1.35,-0.2,
437,Strategy C,2025-09-15,CE,25100,13:51,14:43,69651,69703,150.15,159.9,SL,-9.75,0.7,0.75,0.05,
438,Strategy C,2025-09-16,PE,25100,09:24,15:29,69759,70124,104.95,49.05,EOD,55.9,5.4,4.1,-1.3,
439,Strategy C,2025-09-17,PE,25300,10:03,13:48,70173,70398,117.45,114.25,SIGNAL,3.2,4.35,4.2,-0.15,
440,Strategy C,2025-09-17,CE,25300,14:03,15:00,70413,70470,144.0,155.9,SL,-11.9,1.6,1.55,-0.05,
441,Strategy C,2025-09-18,PE,25400,09:27,12:36,70512,70701,104.85,112.6,SIGNAL,-7.75,3.6,3.4,-0.2,
442,Strategy C,2025-09-18,CE,25500,11:54,14:57,70659,70842,153.4,144.7,SIGNAL,8.7,1.0,0.9,-0.1,
443,Strategy C,2025-09-18,PE,25400,14:57,15:29,70842,70874,108.95,101.7,EOD,7.25,2.9,2.7,-0.2,
444,Strategy C,2025-09-19,CE,25400,09:21,13:06,70881,71106,153.5,143.0,SIGNAL,10.5,1.0,0.95,-0.05,
445,Strategy C,2025-09-19,PE,25400,13:06,15:29,71106,71249,147.95,125.9,EOD,22.05,2.2,1.85,-0.35,
446,Strategy C,2025-09-22,CE,25300,14:36,15:29,71571,71624,134.2,123.6,EOD,10.6,1.15,1.25,0.1,
447,Strategy C,2025-09-23,CE,25200,09:30,12:15,71640,71805,153.0,135.5,SIGNAL,17.5,2.4,2.6,0.2,
448,Strategy C,2025-09-23,PE,25200,12:15,15:09,71805,71979,124.0,99.4,SIGNAL,24.6,5.1,4.05,-1.05,
449,Strategy C,2025-09-23,CE,25200,15:06,15:29,71976,71999,155.25,150.0,EOD,5.25,1.65,1.65,0.0,
450,Strategy C,2025-09-24,CE,25100,09:21,12:24,72006,72189,134.95,134.95,SIGNAL,0.0,2.15,1.9,-0.25,
451,Strategy C,2025-09-24,PE,25100,12:18,14:33,72183,72318,130.7,134.85,SIGNAL,-4.15,3.6,3.8,0.2,
452,Strategy C,2025-09-24,CE,25100,14:33,15:29,72318,72374,122.15,110.4,EOD,11.75,1.7,1.55,-0.15,
453,Strategy C,2025-09-25,CE,25100,10:42,11:21,72462,72501,151.85,166.85,SL,-15.0,2.45,2.2,-0.25,
454,Strategy C,2025-09-25,CE,25100,12:09,13:05,72549,72605,138.75,152.1,SL,-13.35,2.5,2.2,-0.3,
455,Strategy C,2025-09-25,CE,25100,14:36,15:29,72696,72749,130.2,115.7,EOD,14.5,2.35,1.7,-0.65,
456,Strategy C,2025-09-26,CE,25000,09:21,15:29,72756,73124,111.7,62.7,EOD,49.0,1.65,1.7,0.05,
457,Strategy C,2025-09-29,PE,24700,09:36,11:33,73146,73263,97.7,108.8,SIGNAL,-11.1,1.9,2.05,0.15,
458,Strategy C,2025-09-29,CE,24800,11:36,13:15,73266,73365,144.5,130.95,SIGNAL,13.55,1.75,1.5,-0.25,
459,Strategy C,2025-09-29,PE,24700,14:03,14:42,73413,73452,104.25,119.25,SL,-15.0,1.65,1.5,-0.15,
460,Strategy C,2025-09-29,CE,24800,15:03,15:29,73473,73499,110.1,113.9,EOD,-3.8,1.75,1.75,0.0,
461,Strategy C,2025-09-30,CE,24700,10:30,11:06,73575,73611,138.4,153.4,SL,-15.0,3.6,3.9,0.3,
462,Strategy C,2025-09-30,CE,24700,14:21,14:24,73806,73809,112.5,127.5,SL,-15.0,2.8,2.8,0.0,
463,Strategy C,2025-10-01,CE,24650,10:06,10:08,73926,73928,116.3,131.3,SL,-15.0,2.05,2.0,-0.05,
464,Strategy C,2025-10-01,PE,24600,10:33,15:29,73953,74249,110.75,56.9,EOD,53.85,3.1,1.7,-1.4,
465,Strategy C,2025-10-03,CE,24900,09:27,09:52,74262,74287,124.7,139.7,SL,-15.0,1.0,0.95,-0.05,
466,Strategy C,2025-10-03,PE,24800,12:09,12:16,74424,74431,102.95,112.2,SL,-9.25,2.45,2.2,-0.25,
467,Strategy C,2025-10-03,PE,24800,14:42,15:29,74577,74624,88.65,77.0,EOD,11.65,2.25,1.9,-0.35,
468,Strategy C,2025-10-06,PE,24900,09:42,15:29,74652,74999,101.0,49.7,EOD,51.3,1.45,1.55,0.1,
469,Strategy C,2025-10-07,PE,25100,09:42,11:24,75027,75129,89.05,93.05,SIGNAL,-4.0,5.55,4.65,-0.9,
470,Strategy C,2025-10-07,CE,25100,11:36,11:45,75141,75150,147.6,162.6,SL,-15.0,1.85,1.95,0.1,
471,Strategy C,2025-10-07,PE,25100,12:54,14:36,75219,75321,71.4,73.9,SIGNAL,-2.5,3.55,3.75,0.2,
472,Strategy C,2025-10-07,CE,25100,14:36,15:29,75321,75374,161.45,148.25,EOD,13.2,1.6,1.5,-0.1,
473,Strategy C,2025-10-08,CE,25200,10:57,12:57,75477,75597,139.5,126.95,SIGNAL,12.55,1.65,1.5,-0.15,
474,Strategy C,2025-10-08,PE,25100,13:12,14:20,75612,75680,132.25,146.5,SL,-14.25,3.6,3.7,0.1,
475,Strategy C,2025-10-08,CE,25200,14:21,15:29,75681,75749,114.65,108.5,EOD,6.15,1.3,1.35,0.05,
476,Strategy C,2025-10-09,PE,25000,09:30,09:45,75765,75780,89.2,104.2,SL,-15.0,2.65,2.6,-0.05,
477,Strategy C,2025-10-09,CE,25100,14:24,14:42,76059,76077,203.5,218.5,SL,-15.0,1.0,1.1,0.1,
478,Strategy C,2025-10-09,PE,25000,11:03,15:29,75858,76124,79.0,61.45,EOD,17.55,2.85,1.9,-0.95,
479,Strategy C,2025-10-10,CE,25300,15:09,15:29,76479,76499,181.85,184.05,EOD,-2.2,0.65,0.7,0.05,
480,Strategy C,2025-10-10,PE,25200,09:21,15:29,76131,76499,109.0,69.55,EOD,39.45,2.3,2.45,0.15,
481,Strategy C,2025-10-13,CE,25300,09:33,09:41,76518,76526,113.6,128.6,SL,-15.0,1.05,0.9,-0.15,
482,Strategy C,2025-10-13,CE,25300,10:21,14:24,76566,76809,115.0,127.35,SIGNAL,-12.35,0.9,1.05,0.15,
483,Strategy C,2025-10-13,PE,25200,14:09,15:29,76794,76874,116.15,100.0,EOD,16.15,2.25,1.35,-0.9,
484,Strategy C,2025-10-14,PE,25300,09:21,09:39,76881,76899,113.2,128.2,SL,-15.0,6.75,6.5,-0.25,
485,Strategy C,2025-10-14,CE,25300,11:09,14:33,76989,77193,110.95,88.7,SIGNAL,22.25,2.0,1.6,-0.4,
486,Strategy C,2025-10-14,PE,25300,14:27,15:28,77187,77248,206.15,221.15,SL,-15.0,6.05,6.55,0.5,
487,Strategy C,2025-10-15,PE,25200,10:36,14:51,77331,77586,103.45,96.95,SIGNAL,6.5,4.3,3.75,-0.55,
488,Strategy C,2025-10-15,CE,25250,14:51,15:15,77586,77610,183.05,198.05,SL,-15.0,1.2,1.15,-0.05,
489,Strategy C,2025-10-16,PE,25400,10:48,15:29,77718,77999,108.7,84.2,EOD,24.5,4.3,2.7,-1.6,
490,Strategy C,2025-10-17,PE,25500,10:15,12:51,78060,78216,93.0,92.25,SIGNAL,0.75,3.05,2.6,-0.45,
491,Strategy C,2025-10-17,CE,25600,12:51,14:36,78216,78321,275.0,283.0,SIGNAL,-8.0,1.3,1.05,-0.25,
492,Strategy C,2025-10-17,PE,25500,14:39,15:29,78324,78374,76.4,85.45,EOD,-9.05,2.35,1.9,-0.45,
493,Strategy C,2025-10-20,CE,26000,14:21,15:29,78681,78749,94.0,109.0,SL,-15.0,1.9,1.6,-0.3,
494,Strategy C,2025-10-23,PE,26000,10:15,13:33,78810,79008,128.0,136.2,SIGNAL,-8.2,6.15,5.4,-0.75,
495,Strategy C,2025-10-23,CE,26050,13:06,15:29,78981,79124,157.55,72.0,EOD,85.55,2.3,1.9,-0.4,
496,Strategy C,2025-10-24,CE,25850,09:21,09:22,79131,79132,147.6,162.6,SL,-15.0,2.05,2.0,-0.05,
497,Strategy C,2025-10-24,PE,25900,12:12,12:42,79302,79332,159.35,174.35,SL,-15.0,3.75,3.45,-0.3,
498,Strategy C,2025-10-24,CE,25850,10:15,15:29,79185,79499,151.15,77.85,EOD,73.3,2.25,2.3,0.05,
499,Strategy C,2025-10-27,PE,25900,09:33,13:18,79518,79743,128.05,125.95,SIGNAL,2.1,2.65,2.75,0.1,
500,Strategy C,2025-10-27,CE,26000,13:24,13:50,79749,79775,198.0,212.8,SL,-14.8,1.1,1.15,0.05,
501,Strategy C,2025-10-27,PE,25900,15:27,15:29,79872,79874,104.85,101.15,EOD,3.7,3.05,2.85,-0.2,
502,Strategy C,2025-10-28,CE,26200,10:06,12:45,79926,80085,100.4,102.9,SIGNAL,-2.5,2.6,2.6,0.0,
503,Strategy C,2025-10-28,PE,26000,12:42,13:46,80082,80146,179.2,194.2,SL,-15.0,8.7,6.8,-1.9,
504,Strategy C,2025-10-28,CE,26200,13:48,15:18,80148,80238,81.7,85.95,SIGNAL,-4.25,2.0,2.15,0.15,
505,Strategy C,2025-10-28,PE,26000,15:09,15:29,80229,80249,163.8,164.0,EOD,-0.2,6.65,6.0,-0.65,
506,Strategy C,2025-10-29,PE,25900,12:06,14:06,80421,80541,106.7,109.7,SIGNAL,-3.0,4.6,4.75,0.15,
507,Strategy C,2025-10-29,CE,26100,14:03,15:20,80538,80615,150.9,165.9,SL,-15.0,2.3,2.05,-0.25,
508,Strategy C,2025-10-30,CE,26000,09:33,15:29,80643,80999,129.2,91.6,EOD,37.6,2.7,2.1,-0.6,
509,Strategy C,2025-10-31,PE,25800,09:33,10:08,81018,81053,100.05,115.05,SL,-15.0,2.8,2.4,-0.4,
510,Strategy C,2025-10-31,CE,25850,10:33,15:29,81078,81374,108.8,83.0,EOD,25.8,2.65,2.15,-0.5,
511,Strategy C,2025-11-03,CE,25800,09:33,09:36,81393,81396,148.2,163.2,SL,-15.0,1.95,1.7,-0.25,
512,Strategy C,2025-11-03,CE,25800,12:15,12:47,81555,81587,160.1,175.1,SL,-15.0,1.7,1.65,-0.05,
513,Strategy C,2025-11-03,PE,25700,14:18,14:47,81678,81707,105.0,116.55,SL,-11.55,1.6,1.45,-0.15,
514,Strategy C,2025-11-04,CE,25800,09:27,15:29,81762,82124,147.0,70.4,EOD,76.6,4.0,2.1,-1.9,
515,Strategy C,2025-11-06,CE,25700,10:12,12:51,82182,82341,74.7,79.95,SIGNAL,-5.25,2.2,2.15,-0.05,
516,Strategy C,2025-11-06,PE,25600,12:54,13:40,82344,82390,163.05,176.25,SL,-13.2,3.9,3.75,-0.15,
517,Strategy C,2025-11-06,CE,25700,13:51,15:29,82401,82499,54.7,47.5,EOD,7.2,1.95,1.45,-0.5,
518,Strategy C,2025-11-07,CE,25350,09:21,11:12,82506,82617,122.5,137.5,SL,-15.0,2.3,1.9,-0.4,
519,Strategy C,2025-11-07,PE,25400,11:30,14:06,82635,82791,134.35,127.4,SIGNAL,6.95,2.6,2.3,-0.3,
520,Strategy C,2025-11-10,PE,25500,10:18,13:45,82938,83145,102.75,96.0,SIGNAL,6.75,1.5,1.3,-0.2,
521,Strategy C,2025-11-10,CE,25700,13:48,14:05,83148,83165,135.7,148.85,SL,-13.15,0.8,0.8,0.0,
522,Strategy C,2025-11-11,CE,25700,09:21,11:54,83256,83409,115.6,114.5,SIGNAL,1.1,3.1,2.55,-0.55,
523,Strategy C,2025-11-11,PE,25600,11:57,15:29,83412,83624,152.8,80.7,EOD,72.1,6.75,5.1,-1.65,
524,Strategy C,2025-11-12,PE,25800,10:42,14:21,83712,83931,136.9,130.55,SIGNAL,6.35,5.55,5.9,0.35,
525,Strategy C,2025-11-12,CE,25900,14:21,14:53,83931,83963,145.7,160.7,SL,-15.0,1.7,1.85,0.15,
526,Strategy C,2025-11-13,PE,25800,10:36,12:39,84081,84204,116.75,110.65,SIGNAL,6.1,5.25,5.55,0.3,
527,Strategy C,2025-11-13,CE,25850,12:54,12:57,84219,84222,197.15,212.15,SL,-15.0,2.5,2.55,0.05,
528,Strategy C,2025-11-13,CE,25850,14:03,15:29,84288,84374,183.55,171.05,EOD,12.5,2.65,2.0,-0.65,
529,Strategy C,2025-11-14,CE,25800,10:03,10:06,84423,84426,132.45,147.45,SL,-15.0,2.65,2.6,-0.05,
530,Strategy C,2025-11-14,PE,25700,11:03,11:19,84483,84499,102.0,117.0,SL,-15.0,2.5,2.3,-0.2,
531,Strategy C,2025-11-14,CE,25800,13:42,14:32,84642,84692,118.3,133.3,SL,-15.0,2.25,2.1,-0.15,
532,Strategy C,2025-11-14,PE,25700,15:06,15:29,84726,84749,96.85,87.6,EOD,9.25,2.3,2.0,-0.3,
533,Strategy C,2025-11-17,PE,25900,09:21,15:29,84756,85124,128.85,101.6,EOD,27.25,1.7,1.75,0.05,
534,Strategy C,2025-11-18,CE,26000,09:51,11:45,85161,85275,147.85,161.0,SIGNAL,-13.15,3.55,3.3,-0.25,
535,Strategy C,2025-11-18,PE,25900,11:48,12:36,85278,85326,119.8,134.4,SL,-14.6,6.3,6.6,0.3,
536,Strategy C,2025-11-18,PE,25900,13:39,14:49,85389,85459,110.25,122.0,SL,-11.75,6.9,6.8,-0.1,
537,Strategy C,2025-11-18,CE,26000,15:03,15:29,85473,85499,142.55,127.95,EOD,14.6,2.8,2.65,-0.15,
538,Strategy C,2025-11-19,CE,25950,09:21,09:24,85506,85509,125.9,140.9,SL,-15.0,2.55,2.6,0.05,
539,Strategy C,2025-11-19,CE,25950,09:36,09:56,85521,85541,132.7,147.7,SL,-15.0,2.55,2.5,-0.05,
540,Strategy C,2025-11-19,PE,25900,10:18,11:08,85563,85613,101.75,116.75,SL,-15.0,5.15,5.25,0.1,
541,Strategy C,2025-11-19,PE,25900,11:45,15:29,85650,85874,96.35,75.5,EOD,20.85,5.25,4.45,-0.8,
542,Strategy C,2025-11-20,PE,26000,10:42,15:29,85962,86249,119.05,89.15,EOD,29.9,4.1,3.75,-0.35,
543,Strategy C,2025-11-21,CE,26100,10:03,12:18,86298,86433,123.25,138.25,SL,-15.0,1.7,1.5,-0.2,
544,Strategy C,2025-11-21,PE,26100,12:21,13:18,86436,86493,142.3,153.35,SIGNAL,-11.05,3.4,3.15,-0.25,
545,Strategy C,2025-11-21,CE,26100,13:24,13:54,86499,86529,110.1,125.1,SL,-15.0,1.5,1.35,-0.15,
546,Strategy C,2025-11-21,CE,26100,14:51,15:29,86586,86624,112.75,89.55,EOD,23.2,1.25,1.2,-0.05,
547,Strategy C,2025-11-24,PE,26100,10:09,11:54,86679,86784,134.95,147.9,SIGNAL,-12.95,1.7,1.35,-0.35,
548,Strategy C,2025-11-24,CE,26200,11:54,15:29,86784,86999,150.0,92.95,EOD,57.05,0.85,1.35,0.5,
549,Strategy C,2025-11-25,CE,26000,11:00,11:51,87105,87156,156.15,171.15,SL,-15.0,2.85,2.75,-0.1,
550,Strategy C,2025-11-25,PE,25900,13:27,14:30,87252,87315,96.0,105.7,SL,-9.7,4.15,3.75,-0.4,
551,Strategy C,2025-11-25,CE,26000,14:39,15:29,87324,87374,145.6,106.7,EOD,38.9,2.1,1.85,-0.25,
552,Strategy C,2025-11-26,PE,25900,10:03,15:29,87423,87749,95.8,73.8,EOD,22.0,3.65,4.0,0.35,
553,Strategy C,2025-11-27,PE,26200,09:21,09:43,87756,87778,132.95,147.95,SL,-15.0,4.05,4.35,0.3,
554,Strategy C,2025-11-27,PE,26200,09:57,11:48,87792,87903,131.05,139.15,SIGNAL,-8.1,4.5,4.0,-0.5,
555,Strategy C,2025-11-27,CE,26250,11:51,15:29,87906,88124,120.75,102.7,EOD,18.05,1.4,1.15,-0.25,
556,Strategy C,2025-11-28,PE,26200,09:33,12:48,88143,88338,125.9,135.4,SIGNAL,-9.5,2.65,2.5,-0.15,
557,Strategy C,2025-11-28,CE,26200,12:18,15:29,88308,88499,120.15,113.85,EOD,6.3,1.0,0.9,-0.1,
558,Strategy C,2025-12-01,CE,26400,10:54,15:29,88599,88874,112.75,81.75,EOD,31.0,0.8,0.75,-0.05,
559,Strategy C,2025-12-02,CE,26200,10:12,15:29,88932,89249,118.1,101.95,EOD,16.15,2.65,1.7,-0.95,
560,Strategy C,2025-12-03,CE,26050,09:27,12:18,89262,89433,124.9,103.7,SIGNAL,21.2,2.2,1.95,-0.25,
561,Strategy C,2025-12-03,PE,26050,12:12,12:42,89427,89457,160.6,175.6,SL,-15.0,4.3,4.0,-0.3,
562,Strategy C,2025-12-03,CE,26050,13:48,14:12,89523,89547,81.15,95.5,SL,-14.35,2.1,2.0,-0.1,
563,Strategy C,2025-12-03,PE,26050,14:24,14:29,89559,89564,148.95,163.95,SL,-15.0,4.0,3.8,-0.2,
564,Strategy C,2025-12-04,PE,26000,10:21,11:39,89691,89769,126.4,126.55,SIGNAL,-0.15,3.15,2.8,-0.35,
565,Strategy C,2025-12-04,CE,25950,11:42,14:54,89772,89964,172.55,166.4,SIGNAL,6.15,1.85,1.45,-0.4,
566,Strategy C,2025-12-04,PE,26000,14:57,15:29,89967,89999,119.25,116.4,EOD,2.85,2.25,1.9,-0.35,
567,Strategy C,2025-12-05,PE,26000,10:18,10:28,90063,90073,79.7,94.7,SL,-15.0,1.8,1.55,-0.25,
568,Strategy C,2025-12-05,PE,26000,11:03,14:48,90108,90333,77.6,74.0,SIGNAL,3.6,1.65,1.6,-0.05,
569,Strategy C,2025-12-05,CE,26200,14:06,15:29,90291,90374,172.05,179.95,EOD,-7.9,0.8,0.75,-0.05,
570,Strategy C,2025-12-08,CE,26200,09:30,15:29,90390,90749,154.2,66.35,EOD,87.85,0.8,1.85,1.05,
571,Strategy C,2025-12-09,CE,25900,09:21,10:19,90756,90814,134.7,149.7,SL,-15.0,4.0,3.95,-0.05,
572,Strategy C,2025-12-09,PE,25800,11:15,11:44,90870,90899,91.0,106.0,SL,-15.0,5.3,5.85,0.55,
573,Strategy C,2025-12-09,PE,25800,12:09,14:21,90924,91056,83.15,98.15,SL,-15.0,5.35,4.65,-0.7,
574,Strategy C,2025-12-09,CE,25900,14:24,15:29,91059,91124,134.8,123.0,EOD,11.8,2.45,2.1,-0.35,
575,Strategy C,2025-12-10,PE,25800,10:03,10:51,91173,91221,112.35,127.35,SL,-15.0,3.5,3.3,-0.2,
576,Strategy C,2025-12-10,CE,25900,10:57,13:39,91227,91389,122.15,111.4,SIGNAL,10.75,2.05,2.2,0.15,
577,Strategy C,2025-12-10,PE,25800,13:39,13:47,91389,91397,134.65,148.25,SL,-13.6,3.35,3.5,0.15,
578,Strategy C,2025-12-10,CE,25900,14:06,15:29,91416,91499,81.45,81.85,EOD,-0.4,2.35,2.4,0.05,
579,Strategy C,2025-12-11,PE,25700,09:30,09:36,91515,91521,108.7,123.7,SL,-15.0,3.25,3.2,-0.05,
580,Strategy C,2025-12-11,CE,25750,09:42,09:48,91527,91533,112.8,127.8,SL,-15.0,3.0,2.8,-0.2,
581,Strategy C,2025-12-11,PE,25700,10:18,11:03,91563,91608,97.75,112.75,SL,-15.0,3.05,2.8,-0.25,
582,Strategy C,2025-12-11,PE,25700,12:06,15:29,91671,91874,81.55,70.0,EOD,11.55,2.75,1.95,-0.8,
583,Strategy C,2025-12-12,PE,26000,09:30,10:09,91890,91929,126.15,141.15,SL,-15.0,2.45,2.4,-0.05,
584,Strategy C,2025-12-12,PE,26000,11:54,15:29,92034,92249,114.25,103.25,EOD,11.0,2.55,2.6,0.05,
585,Strategy C,2025-12-15,CE,26000,09:21,10:49,92256,92344,148.0,163.0,SL,-15.0,1.05,1.0,-0.05,
586,Strategy C,2025-12-15,PE,26000,12:33,15:29,92448,92624,112.35,110.0,EOD,2.35,2.0,1.45,-0.55,
587,Strategy C,2025-12-16,CE,26000,09:24,13:48,92634,92898,123.65,114.1,SIGNAL,9.55,3.05,2.45,-0.6,
588,Strategy C,2025-12-16,PE,25900,13:48,14:07,92898,92917,101.8,115.9,SL,-14.1,4.8,4.65,-0.15,
589,Strategy C,2025-12-16,CE,26000,15:12,15:29,92982,92999,85.8,84.3,EOD,1.5,2.2,2.1,-0.1,
590,Strategy C,2025-12-17,CE,25900,09:54,15:24,93039,93369,118.65,99.3,SIGNAL,19.35,2.15,2.3,0.15,
591,Strategy C,2025-12-18,CE,25900,09:45,10:11,93405,93431,129.35,144.35,SL,-15.0,2.35,2.05,-0.3,
592,Strategy C,2025-12-18,PE,25800,10:21,13:36,93441,93636,120.85,106.0,SIGNAL,14.85,3.1,2.65,-0.45,
593,Strategy C,2025-12-18,CE,25900,14:00,15:29,93660,93749,171.2,152.75,EOD,18.45,1.45,1.55,0.1,
594,Strategy C,2025-12-19,PE,25900,09:21,11:45,93756,93900,114.15,117.3,SIGNAL,-3.15,2.35,2.45,0.1,
595,Strategy C,2025-12-19,CE,26000,11:45,12:09,93900,93924,133.35,148.35,SL,-15.0,1.25,1.15,-0.1,
596,Strategy C,2025-12-19,PE,25900,13:42,15:29,94017,94124,94.45,87.35,EOD,7.1,2.45,2.2,-0.25,
597,Strategy C,2025-12-22,PE,26100,09:21,15:29,94131,94499,102.7,87.05,EOD,15.65,1.9,1.65,-0.25,
598,Strategy C,2025-12-23,CE,26200,09:42,09:57,94527,94542,115.9,126.25,SL,-10.35,2.35,2.4,0.05,
599,Strategy C,2025-12-23,PE,26200,14:15,14:42,94800,94827,96.45,101.0,SIGNAL,-4.55,4.45,4.2,-0.25,
600,Strategy C,2025-12-23,CE,26200,15:06,15:29,94851,94874,114.05,111.0,EOD,3.05,1.6,1.65,0.05,
601,Strategy C,2025-12-24,PE,26200,10:12,11:45,94932,95025,111.15,125.5,SL,-14.35,3.3,2.9,-0.4,
602,Strategy C,2025-12-24,CE,26150,13:33,15:29,95133,95249,106.0,93.25,EOD,12.75,1.35,1.14,-0.21,
603,Strategy C,2025-12-26,CE,26200,09:36,15:03,95271,95598,116.65,91.95,SIGNAL,24.7,1.05,1.2,0.15,
604,Strategy C,2025-12-29,PE,26100,09:27,09:58,95637,95668,114.6,124.35,SL,-9.75,1.1,1.14,0.04,
605,Strategy C,2025-12-29,CE,26100,10:00,15:29,95670,95999,114.35,82.0,EOD,32.35,1.05,0.95,-0.1,
606,Strategy C,2025-12-30,CE,25900,09:21,09:36,96006,96021,143.0,158.0,SL,-15.0,3.1,2.85,-0.25,
607,Strategy C,2025-12-30,CE,25900,11:36,13:42,96141,96267,145.94,158.6,SIGNAL,-12.66,2.54,2.4,-0.14,
608,Strategy C,2025-12-30,PE,25900,13:36,15:29,96261,96374,83.25,63.05,EOD,20.2,2.75,2.35,-0.4,
609,Strategy C,2025-12-31,PE,26000,10:42,15:12,96462,96732,96.75,76.84,SIGNAL,19.91,2.8,2.95,0.15,
610,Strategy C,2025-12-31,CE,26000,15:21,15:29,96741,96749,211.6,218.0,EOD,-6.4,1.4,1.35,-0.05,
611,Strategy C,2026-01-01,CE,26300,10:15,15:29,96810,97124,103.7,94.6,EOD,9.1,0.9,0.65,-0.25,
612,Strategy C,2026-01-02,PE,26200,09:24,14:45,97134,97455,107.35,79.55,SIGNAL,27.8,1.85,1.6,-0.25,
613,Strategy C,2026-01-02,PE,26200,15:12,15:29,97482,97499,71.55,68.0,EOD,3.55,1.6,1.75,0.15,
614,Strategy C,2026-01-05,CE,26400,09:36,09:50,97521,97535,94.15,109.15,SL,-15.0,0.8,0.7,-0.1,
615,Strategy C,2026-01-05,CE,26400,11:27,12:52,97632,97717,112.55,127.55,SL,-15.0,0.7,0.65,-0.05,
616,Strategy C,2026-01-05,CE,26400,13:18,15:29,97743,97874,99.3,65.95,EOD,33.35,0.75,0.65,-0.1,
617,Strategy C,2026-01-06,PE,26200,10:00,10:37,97920,97957,81.4,96.4,SL,-15.0,3.45,3.4,-0.05,
618,Strategy C,2026-01-06,CE,26200,11:15,15:29,97995,98249,143.05,113.45,EOD,29.6,1.85,1.6,-0.25,
619,Strategy C,2026-01-07,PE,26100,10:18,10:28,98313,98323,104.0,116.55,SL,-12.55,2.75,2.5,-0.25,
620,Strategy C,2026-01-07,PE,26100,11:06,11:23,98361,98378,98.95,111.75,SL,-12.8,2.65,2.45,-0.2,
621,Strategy C,2026-01-07,CE,26200,13:27,14:43,98502,98578,133.85,147.05,SL,-13.2,1.3,1.35,0.05,
622,Strategy C,2026-01-07,PE,26100,15:15,15:29,98610,98624,104.7,112.45,EOD,-7.75,2.04,1.7,-0.34,
623,Strategy C,2026-01-08,CE,26200,09:30,15:29,98640,98999,118.25,60.8,EOD,57.45,1.4,1.14,-0.26,
624,Strategy C,2026-01-09,CE,26000,09:36,09:44,99021,99029,120.45,135.45,SL,-15.0,1.2,1.2,0.0,
625,Strategy C,2026-01-09,CE,26000,11:06,15:21,99111,99366,101.35,70.5,SIGNAL,30.85,1.3,2.0,0.7,
626,Strategy C,2026-01-12,CE,25700,09:21,12:15,99381,99555,151.5,134.69,SIGNAL,16.81,2.2,1.8,-0.4,
627,Strategy C,2026-01-12,PE,25600,12:18,15:29,99558,99749,128.6,72.25,EOD,56.35,2.35,1.4,-0.95,
628,Strategy C,2026-01-13,CE,25900,09:57,10:04,99792,99799,90.55,105.55,SL,-15.0,4.3,4.65,0.35,
629,Strategy C,2026-01-13,CE,25900,12:12,14:42,99927,100077,92.3,67.95,SIGNAL,24.35,3.0,2.9,-0.1,
630,Strategy C,2026-01-13,PE,25900,14:45,15:29,100080,100124,251.9,225.0,EOD,26.9,8.1,8.75,0.65,
631,Strategy C,2026-01-14,CE,25750,10:21,10:42,100191,100212,106.95,121.95,SL,-15.0,2.54,2.54,0.0,
632,Strategy C,2026-01-14,PE,25600,11:51,12:15,100281,100305,97.0,107.85,SL,-10.85,5.0,5.09,0.09,
633,Strategy C,2026-01-14,CE,25750,13:30,14:48,100380,100458,109.65,108.65,SIGNAL,1.0,2.29,2.1,-0.19,
634,Strategy C,2026-01-16,PE,25700,09:45,12:00,100530,100665,125.75,110.0,SIGNAL,15.75,3.0,3.1,0.1,
635,Strategy C,2026-01-16,CE,25700,12:30,15:29,100695,100874,150.5,108.6,EOD,41.9,1.6,1.25,-0.35,
636,Strategy C,2026-01-19,CE,25700,09:54,13:51,100914,101151,114.1,118.85,SIGNAL,-4.75,1.6,1.25,-0.35,
637,Strategy C,2026-01-19,PE,25600,13:51,15:20,101151,101240,142.35,157.35,SL,-15.0,1.35,1.05,-0.3,
638,Strategy C,2026-01-19,CE,25700,15:21,15:29,101241,101249,98.8,95.45,EOD,3.35,0.85,1.1,0.25,
639,Strategy C,2026-01-20,CE,25600,09:24,15:29,101259,101624,128.35,46.55,EOD,81.8,4.75,3.3,-1.45,
640,Strategy C,2026-01-21,CE,25350,09:30,09:30,101640,101640,109.35,124.35,SL,-15.0,4.35,4.45,0.1,
641,Strategy C,2026-01-21,CE,25350,10:00,12:06,101670,101796,83.55,81.45,SIGNAL,2.1,4.05,3.95,-0.1,
642,Strategy C,2026-01-21,PE,25250,12:21,12:27,101811,101817,174.35,189.35,SL,-15.0,14.85,17.2,2.35,
643,Strategy C,2026-01-21,PE,25250,12:39,13:22,101829,101872,157.2,172.2,SL,-15.0,15.05,17.65,2.6,
644,Strategy C,2026-01-22,PE,25000,09:27,10:28,102012,102073,124.25,139.25,SL,-15.0,4.8,4.25,-0.55,
645,Strategy C,2026-01-22,CE,25350,10:33,10:34,102078,102079,113.45,128.45,SL,-15.0,3.15,3.35,0.2,
646,Strategy C,2026-01-22,CE,25350,11:00,11:24,102105,102129,91.85,106.85,SL,-15.0,3.45,3.35,-0.1,
647,Strategy C,2026-01-22,CE,25350,13:15,13:35,102240,102260,80.75,95.75,SL,-15.0,3.55,3.3,-0.25,
648,Strategy C,2026-01-23,CE,25300,11:21,15:29,102501,102749,97.4,35.55,EOD,61.85,2.05,2.7,0.65,
649,Strategy C,2026-01-27,CE,25000,09:21,09:37,102756,102772,111.2,126.2,SL,-15.0,2.45,1.95,-0.5,
650,Strategy C,2026-01-27,CE,25000,10:45,11:21,102840,102876,99.5,114.5,SL,-15.0,1.2,1.25,0.05,
651,Strategy C,2026-01-27,PE,24700,11:45,11:51,102900,102906,103.6,118.6,SL,-15.0,14.8,16.45,1.65,
652,Strategy C,2026-01-27,PE,24700,13:33,13:38,103008,103013,104.6,118.4,SL,-13.8,14.5,16.2,1.7,
653,Strategy C,2026-01-28,PE,25050,09:30,09:36,103140,103146,114.9,129.9,SL,-15.0,16.9,18.2,1.3,
654,Strategy C,2026-01-28,PE,25050,10:00,10:07,103170,103177,120.4,135.4,SL,-15.0,16.7,18.4,1.7,
655,Strategy C,2026-01-28,PE,25050,11:15,13:22,103245,103372,112.8,127.8,SL,-15.0,16.85,14.75,-2.1,
656,Strategy C,2026-01-28,CE,25600,12:24,14:51,103314,103461,100.9,96.5,SIGNAL,4.4,5.8,5.55,-0.25,
657,Strategy C,2026-01-29,CE,25450,09:39,11:17,103524,103622,114.0,129.0,SL,-15.0,6.7,7.1,0.4,
658,Strategy C,2026-01-29,PE,25150,11:18,15:29,103623,103874,136.15,82.5,EOD,53.65,11.35,7.15,-4.2,
659,Strategy C,2026-01-30,PE,25150,14:15,14:42,104175,104202,115.85,130.85,SL,-15.0,10.4,10.7,0.3,
660,Strategy C,2026-02-01,PE,25150,11:12,11:15,104367,104370,89.1,104.1,SL,-15.0,7.5,7.9,0.4,
661,Strategy C,2026-02-01,CE,25450,11:57,11:57,104412,104412,128.2,143.2,SL,-15.0,6.4,7.4,1.0,
662,Strategy C,2026-02-01,CE,25450,12:12,15:29,104427,104624,101.05,14.45,EOD,86.6,5.5,2.75,-2.75,
663,Strategy C,2026-02-02,CE,24850,10:54,11:39,104724,104769,107.8,122.8,SL,-15.0,2.15,2.3,0.15,
664,Strategy C,2026-02-02,PE,24700,12:15,15:29,104805,104999,51.0,11.65,EOD,39.35,2.75,1.8,-0.95,
665,Strategy C,2026-02-03,PE,25700,09:21,09:24,105006,105009,84.05,99.05,SL,-15.0,7.45,8.85,1.4,
666,Strategy C,2026-02-03,PE,25700,09:39,09:44,105024,105029,88.5,103.5,SL,-15.0,5.0,5.2,0.2,
667,Strategy C,2026-02-03,PE,25700,09:51,09:54,105036,105039,83.95,98.95,SL,-15.0,4.55,4.05,-0.5,
668,Strategy C,2026-02-03,PE,25700,10:21,15:29,105066,105374,83.4,0.05,EOD,83.35,3.55,0.05,-3.5,
669,Strategy C,2026-02-04,CE,25850,13:00,13:22,105600,105622,102.2,115.85,SL,-13.65,4.65,4.55,-0.1,
670,Strategy C,2026-02-04,PE,25600,12:12,15:21,105552,105741,94.15,88.3,SIGNAL,5.85,8.4,9.8,1.4,
671,Strategy C,2026-02-05,CE,25750,09:21,15:03,105756,106098,127.15,98.9,SIGNAL,28.25,4.9,4.85,-0.05,
672,Strategy C,2026-02-06,CE,25600,09:36,11:21,106146,106251,106.6,104.5,SIGNAL,2.1,4.1,3.75,-0.35,
673,Strategy C,2026-02-06,PE,25500,11:21,12:33,106251,106323,136.75,146.5,SIGNAL,-9.75,5.45,4.65,-0.8,
674,Strategy C,2026-02-06,CE,25600,12:36,13:40,106326,106390,84.2,99.2,SL,-15.0,3.85,3.65,-0.2,
675,Strategy C,2026-02-06,PE,25500,13:57,15:29,106407,106499,116.85,106.8,EOD,10.05,4.85,5.8,0.95,
676,Strategy C,2026-02-09,PE,25800,10:39,15:29,106584,106874,126.25,130.0,EOD,-3.75,4.1,6.0,1.9,
677,Strategy C,2026-02-10,PE,25900,09:36,13:24,106896,107124,115.8,115.65,SIGNAL,0.15,11.3,8.7,-2.6,
678,Strategy C,2026-02-10,CE,26000,13:33,15:29,107133,107249,116.15,109.55,EOD,6.6,3.75,3.45,-0.3,
679,Strategy C,2026-02-11,CE,26000,12:45,13:30,107460,107505,93.75,103.25,SL,-9.5,3.7,3.6,-0.1,
680,Strategy C,2026-02-11,PE,26000,14:18,15:05,107553,107600,173.4,187.0,SL,-13.6,8.8,8.4,-0.4,
681,Strategy C,2026-02-12,PE,25800,12:57,13:11,107847,107861,129.8,137.05,SL,-7.25,6.3,6.65,0.35,
682,Strategy C,2026-02-12,CE,25850,09:21,13:27,107631,107877,134.25,127.75,SIGNAL,6.5,3.75,3.7,-0.05,
683,Strategy C,2026-02-12,CE,25850,14:45,15:29,107955,107999,104.45,97.65,EOD,6.8,4.05,3.15,-0.9,
684,Strategy C,2026-02-13,CE,25600,09:24,12:30,108009,108195,117.6,100.9,SIGNAL,16.7,4.1,3.65,-0.45,
685,Strategy C,2026-02-13,CE,25600,13:48,15:29,108273,108374,75.0,62.1,EOD,12.9,4.5,5.1,0.6,
686,Strategy C,2026-02-16,PE,25400,12:27,15:29,108567,108749,104.15,73.9,EOD,30.25,4.1,3.85,-0.25,
687,Strategy C,2026-02-17,CE,25600,09:21,09:33,108756,108768,161.35,176.35,SL,-15.0,7.3,6.85,-0.45,
688,Strategy C,2026-02-17,PE,25600,10:21,10:45,108816,108840,120.55,135.55,SL,-15.0,10.75,10.7,-0.05,
689,Strategy C,2026-02-17,PE,25600,11:36,14:15,108891,109050,108.25,118.2,SIGNAL,-9.95,9.65,9.8,0.15,
690,Strategy C,2026-02-18,PE,25750,09:39,09:47,109149,109157,128.6,143.6,SL,-15.0,8.9,9.15,0.25,
691,Strategy C,2026-02-18,CE,25750,09:24,13:24,109134,109374,126.75,137.65,SIGNAL,-10.9,3.95,2.95,-1.0,
692,Strategy C,2026-02-18,PE,25750,12:24,15:29,109314,109499,135.2,97.8,EOD,37.4,9.2,10.3,1.1,
693,Strategy C,2026-02-19,CE,25850,09:39,15:29,109524,109874,90.25,26.0,EOD,64.25,2.6,3.5,0.9,
694,Strategy C,2026-02-20,CE,25450,09:30,09:30,109890,109890,107.9,122.9,SL,-15.0,5.0,4.7,-0.3,
695,Strategy C,2026-02-20,PE,25450,12:18,12:58,110058,110098,65.35,78.95,SL,-13.6,11.25,11.3,0.05,
696,Strategy C,2026-02-20,CE,25450,13:06,14:00,110106,110160,226.3,241.3,SL,-15.0,4.35,4.4,0.05,
697,Strategy C,2026-02-20,PE,25450,14:45,15:05,110205,110225,60.9,75.25,SL,-14.35,9.25,11.3,2.05,
698,Strategy C,2026-02-23,PE,25600,09:21,10:38,110256,110333,132.5,147.5,SL,-15.0,5.35,4.65,-0.7,
699,Strategy C,2026-02-23,CE,25800,11:51,12:08,110406,110423,133.9,148.9,SL,-15.0,1.6,1.55,-0.05,
700,Strategy C,2026-02-23,CE,25800,14:00,14:30,110535,110565,127.9,140.95,SL,-13.05,1.7,1.55,-0.15,
701,Strategy C,2026-02-23,PE,25600,15:03,15:29,110598,110624,131.35,141.3,EOD,-9.95,4.35,4.0,-0.35,
702,Strategy C,2026-02-24,CE,25700,09:21,14:12,110631,110922,136.55,86.55,SIGNAL,50.0,5.1,3.6,-1.5,
703,Strategy C,2026-02-25,PE,25550,09:21,12:33,111006,111198,127.65,113.05,SIGNAL,14.6,11.0,9.44,-1.56,
704,Strategy C,2026-02-25,CE,25600,12:36,15:29,111201,111374,115.8,101.1,EOD,14.7,3.25,2.95,-0.3,
705,Strategy C,2026-02-26,CE,25550,11:03,11:24,111483,111504,111.4,126.4,SL,-15.0,2.85,2.5,-0.35,
706,Strategy C,2026-02-26,CE,25550,11:57,14:42,111537,111702,92.35,97.6,SIGNAL,-5.25,2.75,2.3,-0.45,
707,Strategy C,2026-02-26,PE,25400,14:39,15:29,111699,111749,164.25,151.85,EOD,12.4,5.15,4.85,-0.3,
708,Strategy C,2026-02-27,PE,25300,13:48,15:00,112023,112095,189.4,204.4,SL,-15.0,3.75,3.85,0.1,
709,Strategy C,2026-02-27,CE,25600,09:30,15:29,111765,112124,126.4,84.15,EOD,42.25,1.75,1.65,-0.1,
710,Strategy C,2026-03-02,CE,24850,10:09,14:06,112179,112416,92.4,7.55,SIGNAL,84.85,1.35,0.35,-1.0,
711,Strategy C,2026-03-02,PE,24500,14:36,15:29,112446,112499,158.4,140.5,EOD,17.9,35.75,32.7,-3.05,
712,Strategy C,2026-03-04,PE,23750,13:09,13:56,112734,112781,118.9,129.15,SL,-10.25,,,0.0,no_hedge
713,Strategy C,2026-03-04,CE,24800,15:18,15:29,112863,112874,154.2,150.95,EOD,3.25,8.2,8.15,-0.05,
714,Strategy C,2026-03-05,CE,24900,09:30,09:49,112890,112909,98.75,113.75,SL,-15.0,5.9,5.3,-0.6,
715,Strategy C,2026-03-05,PE,24300,09:54,10:25,112914,112945,126.05,141.05,SL,-15.0,27.55,29.15,1.6,
716,Strategy C,2026-03-05,PE,24300,11:09,11:44,112989,113024,119.7,132.55,SL,-12.85,26.1,26.45,0.35,
717,Strategy C,2026-03-05,CE,24900,11:51,12:22,113031,113062,87.25,102.25,SL,-15.0,4.1,3.95,-0.15,
718,Strategy C,2026-03-06,CE,24800,10:48,15:29,113343,113624,122.25,73.05,EOD,49.2,3.95,3.45,-0.5,
719,Strategy C,2026-03-09,CE,24050,10:33,10:50,113703,113720,88.6,103.6,SL,-15.0,5.7,5.55,-0.15,
720,Strategy C,2026-03-09,PE,23450,11:42,15:29,113772,113999,71.0,46.9,EOD,24.1,,,0.0,no_hedge
721,Strategy C,2026-03-10,CE,24600,09:27,10:17,114012,114062,126.95,141.95,SL,-15.0,10.3,7.65,-2.65,
722,Strategy C,2026-03-10,PE,23600,10:18,12:15,114063,114180,115.6,115.5,SIGNAL,0.1,25.55,22.0,-3.55,
723,Strategy C,2026-03-10,CE,24600,12:24,13:01,114189,114226,121.6,136.6,SL,-15.0,5.85,5.55,-0.3,
724,Strategy C,2026-03-10,PE,23600,13:36,15:29,114261,114374,98.2,77.6,EOD,20.6,20.05,18.25,-1.8,
725,Strategy C,2026-03-11,PE,23950,09:21,09:24,114381,114384,121.5,136.5,SL,-15.0,20.4,20.4,0.0,
726,Strategy C,2026-03-11,CE,24550,09:33,15:29,114393,114749,113.3,57.6,EOD,55.7,6.3,5.6,-0.7,
727,Strategy C,2026-03-12,CE,23950,09:24,09:38,114759,114773,132.0,147.0,SL,-15.0,10.15,12.25,2.1,
728,Strategy C,2026-03-12,CE,23950,13:06,13:14,114981,114989,129.9,144.9,SL,-15.0,9.15,9.4,0.25,
729,Strategy C,2026-03-12,PE,23050,10:42,14:12,114837,115047,78.25,66.55,SIGNAL,11.7,15.35,12.2,-3.15,
730,Strategy C,2026-03-12,CE,23950,14:48,15:29,115083,115124,131.1,124.95,EOD,6.15,8.4,7.55,-0.85,
731,Strategy C,2026-03-13,CE,23700,09:57,11:38,115167,115268,104.8,119.8,SL,-15.0,7.65,7.55,-0.1,
732,Strategy C,2026-03-13,CE,23700,12:09,14:33,115299,115443,93.65,79.85,SIGNAL,13.8,6.9,6.35,-0.55,
733,Strategy C,2026-03-13,CE,23700,15:06,15:29,115476,115499,55.0,66.0,EOD,-11.0,6.0,6.85,0.85,
734,Strategy C,2026-03-16,CE,23250,09:27,09:28,115512,115513,123.05,138.05,SL,-15.0,4.4,4.9,0.5,
735,Strategy C,2026-03-16,PE,23050,09:42,09:50,115527,115535,88.6,103.6,SL,-15.0,7.45,7.45,0.0,
736,Strategy C,2026-03-16,CE,23250,10:21,11:14,115566,115619,101.35,116.35,SL,-15.0,4.35,4.35,0.0,
737,Strategy C,2026-03-16,PE,23050,14:12,14:16,115797,115801,108.5,123.5,SL,-15.0,6.95,7.3,0.35,
738,Strategy C,2026-03-17,CE,23800,09:24,09:40,115884,115900,122.6,137.6,SL,-15.0,8.5,7.2,-1.3,
739,Strategy C,2026-03-17,PE,22800,09:36,11:27,115896,116007,121.45,116.65,SIGNAL,4.8,29.0,25.0,-4.0,
740,Strategy C,2026-03-17,CE,23800,11:24,12:49,116004,116089,116.0,131.0,SL,-15.0,4.95,5.95,1.0,
741,Strategy C,2026-03-17,PE,22800,13:03,15:29,116103,116249,87.4,68.25,EOD,19.15,19.65,18.05,-1.6,
742,Strategy C,2026-03-18,PE,23450,09:51,09:56,116286,116291,122.2,137.2,SL,-15.0,24.6,25.65,1.05,
743,Strategy C,2026-03-18,PE,23450,10:33,14:45,116328,116580,124.65,113.0,SIGNAL,11.65,24.25,21.65,-2.6,
744,Strategy C,2026-03-18,CE,23900,15:18,15:29,116613,116624,145.15,137.95,EOD,7.2,5.75,5.3,-0.45,
745,Strategy C,2026-03-19,CE,23500,09:21,09:24,116631,116634,119.0,134.0,SL,-15.0,7.75,6.9,-0.85,
746,Strategy C,2026-03-19,CE,23500,09:39,15:21,116649,116991,122.8,99.2,SIGNAL,23.6,7.4,7.15,-0.25,
747,Strategy C,2026-03-20,PE,23000,09:33,09:40,117018,117025,128.85,143.85,SL,-15.0,19.75,20.25,0.5,
748,Strategy C,2026-03-20,PE,23000,11:21,11:51,117126,117156,127.35,142.35,SL,-15.0,18.6,19.25,0.65,
749,Strategy C,2026-03-20,CE,23500,12:09,13:26,117174,117251,117.1,132.1,SL,-15.0,5.9,5.8,-0.1,
750,Strategy C,2026-03-20,CE,23500,14:45,15:03,117330,117348,86.4,101.4,SL,-15.0,4.8,5.6,0.8,
751,Strategy C,2026-03-23,CE,22850,09:54,13:51,117414,117651,120.0,112.85,SIGNAL,7.15,5.5,5.09,-0.41,
752,Strategy C,2026-03-23,PE,22450,13:48,14:33,117648,117693,166.5,181.5,SL,-15.0,14.3,16.35,2.05,
753,Strategy C,2026-03-23,CE,22850,14:36,14:37,117696,117697,66.75,81.75,SL,-15.0,4.09,4.4,0.31,
754,Strategy C,2026-03-24,CE,23300,10:33,11:46,117828,117901,105.4,120.4,SL,-15.0,8.55,8.9,0.35,
755,Strategy C,2026-03-24,PE,22100,12:45,15:29,117960,118124,102.0,91.7,EOD,10.3,26.4,21.0,-5.4,
756,Strategy C,2026-03-25,PE,22650,09:21,14:24,118131,118434,121.45,88.0,SIGNAL,33.45,19.85,17.05,-2.8,
757,Strategy C,2026-03-25,CE,23550,14:24,14:45,118434,118455,171.0,186.0,SL,-15.0,12.0,12.2,0.2,
758,Strategy C,2026-03-25,CE,23550,14:57,15:29,118467,118499,167.75,161.8,EOD,5.95,10.85,8.05,-2.8,
759,Strategy C,2026-03-27,CE,23350,09:21,09:22,118506,118507,119.6,134.6,SL,-15.0,4.85,5.0,0.15,
760,Strategy C,2026-03-27,CE,23350,09:30,15:29,118515,118874,122.05,45.95,EOD,76.1,4.85,4.4,-0.45,
761,Strategy C,2026-03-30,PE,21500,12:06,14:34,119046,119194,100.0,111.9,SL,-11.9,20.0,20.4,0.4,
762,Strategy C,2026-03-30,CE,23400,10:12,15:24,118932,119244,122.0,71.05,SIGNAL,50.95,13.6,8.4,-5.2,
763,Strategy C,2026-04-01,PE,22300,09:30,09:33,119265,119268,109.0,124.0,SL,-15.0,21.0,23.8,2.8,
764,Strategy C,2026-04-01,PE,22300,09:42,10:26,119277,119321,121.25,136.25,SL,-15.0,23.45,25.25,1.8,
765,Strategy C,2026-04-01,CE,23350,11:51,12:01,119406,119416,94.15,106.2,SL,-12.05,7.95,8.3,0.35,
766,Strategy C,2026-04-01,PE,22300,12:06,13:32,119421,119507,117.75,132.75,SL,-15.0,20.2,22.25,2.05,
767,Strategy C,2026-04-02,CE,22700,10:12,12:30,119682,119820,112.6,121.3,SIGNAL,-8.7,10.0,8.9,-1.1,
768,Strategy C,2026-04-02,PE,21750,12:33,15:29,119823,119999,110.25,41.95,EOD,68.3,16.7,6.5,-10.2,
769,Strategy C,2026-04-06,CE,22800,09:30,09:33,120015,120018,127.55,142.55,SL,-15.0,3.95,4.2,0.25,
770,Strategy C,2026-04-06,PE,22400,09:39,09:41,120024,120026,96.35,111.35,SL,-15.0,6.75,8.15,1.4,
771,Strategy C,2026-04-06,PE,22400,10:45,11:03,120090,120108,104.35,119.35,SL,-15.0,5.75,5.85,0.1,
772,Strategy C,2026-04-06,CE,22800,11:12,11:20,120117,120125,103.05,118.05,SL,-15.0,3.75,4.05,0.3,
773,Strategy C,2026-04-07,PE,22100,10:24,10:59,120444,120479,100.4,115.4,SL,-15.0,16.95,18.6,1.65,
774,Strategy C,2026-04-07,PE,22100,13:33,15:29,120633,120749,83.65,80.0,EOD,3.65,15.7,18.45,2.75,
775,Strategy C,2026-04-08,PE,23600,09:21,09:25,120756,120760,126.95,141.95,SL,-15.0,18.6,21.7,3.1,
776,Strategy C,2026-04-08,PE,23600,09:33,12:33,120768,120948,129.55,106.1,SIGNAL,23.45,20.9,15.5,-5.4,
777,Strategy C,2026-04-09,CE,24050,12:51,15:09,121341,121479,103.55,89.35,SIGNAL,14.2,4.0,2.65,-1.35,
778,Strategy C,2026-04-10,PE,23900,09:21,09:24,121506,121509,132.8,147.8,SL,-15.0,6.95,6.9,-0.05,
779,Strategy C,2026-04-10,PE,23900,09:33,14:18,121518,121803,138.6,107.25,SIGNAL,31.35,6.35,5.35,-1.0,
780,Strategy C,2026-04-10,CE,24000,14:24,14:49,121809,121834,124.65,139.65,SL,-15.0,2.35,2.25,-0.1,
781,Strategy C,2026-04-10,PE,23900,15:09,15:29,121854,121874,78.75,82.05,EOD,-3.3,4.8,4.65,-0.15,
782,Strategy C,2026-04-13,PE,23100,11:57,13:03,122037,122103,92.2,101.15,SL,-8.95,14.8,16.75,1.95,
783,Strategy C,2026-04-13,PE,23100,13:57,14:12,122157,122172,77.25,88.1,SL,-10.85,13.15,15.2,2.05,
784,Strategy C,2026-04-13,CE,24000,15:24,15:29,122244,122249,207.55,208.95,EOD,-1.4,7.6,8.85,1.25,
785,Strategy C,2026-04-15,CE,24400,13:27,14:03,122502,122538,131.7,141.85,SL,-10.15,3.2,3.15,-0.05,
786,Strategy C,2026-04-16,PE,24200,09:21,09:37,122631,122647,127.25,142.25,SL,-15.0,10.8,10.75,-0.05,
787,Strategy C,2026-04-16,CE,24450,11:39,13:51,122769,122901,103.5,76.2,SIGNAL,27.3,2.05,2.05,0.0,
788,Strategy C,2026-04-16,PE,24200,14:30,15:29,122940,122999,199.2,204.9,EOD,-5.7,11.2,8.65,-2.55,
789,Strategy C,2026-04-17,PE,24100,09:57,15:29,123042,123374,122.2,66.1,EOD,56.1,5.45,4.0,-1.45,
790,Strategy C,2026-04-20,PE,24300,09:24,09:32,123384,123392,111.35,126.35,SL,-15.0,3.3,3.35,0.05,
791,Strategy C,2026-04-20,PE,24300,10:30,13:09,123450,123609,94.45,90.75,SIGNAL,3.7,3.2,3.05,-0.15,
792,Strategy C,2026-04-20,CE,24300,13:12,15:29,123612,123749,190.2,132.6,EOD,57.6,1.55,0.95,-0.6,
793,Strategy C,2026-04-21,PE,24100,09:21,15:29,123756,124124,134.9,90.8,EOD,44.1,18.9,12.35,-6.55,
794,Strategy C,2026-04-22,PE,24200,11:24,11:47,124254,124277,140.25,155.25,SL,-15.0,12.0,12.95,0.95,
795,Strategy C,2026-04-22,CE,24700,09:45,15:29,124155,124499,109.05,90.75,EOD,18.3,3.5,2.5,-1.0,
796,Strategy C,2026-04-23,CE,24350,12:33,13:05,124698,124730,107.45,120.55,SL,-13.1,4.05,4.05,0.0,
797,Strategy C,2026-04-23,PE,23950,13:24,13:38,124749,124763,73.8,88.8,SL,-15.0,4.4,4.5,0.1,
798,Strategy C,2026-04-23,CE,24350,14:45,15:29,124830,124874,101.6,104.75,EOD,-3.15,3.75,3.4,-0.35,
799,Strategy C,2026-04-24,CE,24200,09:21,14:33,124881,125193,130.2,68.1,SIGNAL,62.1,3.2,2.75,-0.45,
800,Strategy C,2026-04-24,PE,24050,15:18,15:29,125238,125249,229.6,244.6,SL,-15.0,7.2,7.05,-0.15,
801,Strategy C,2026-04-27,PE,23700,09:24,11:36,125259,125391,130.05,134.5,SIGNAL,-4.45,1.1,1.05,-0.05,
802,Strategy C,2026-04-27,CE,24000,11:30,12:31,125385,125446,127.1,142.1,SL,-15.0,1.7,1.65,-0.05,
803,Strategy C,2026-04-27,PE,23700,13:09,15:29,125484,125624,108.95,94.7,EOD,14.25,0.9,0.85,-0.05,
804,Strategy C,2026-04-28,PE,23800,09:42,11:27,125652,125757,104.7,110.45,SIGNAL,-5.75,7.2,6.65,-0.55,
805,Strategy C,2026-04-28,PE,23800,14:57,15:07,125967,125977,114.5,127.3,SL,-12.8,6.4,7.05,0.65,
806,Strategy C,2026-04-28,CE,24300,12:03,15:29,125793,125999,113.95,98.0,EOD,15.95,4.2,4.25,0.05,
807,Strategy C,2026-04-29,PE,24000,09:21,09:23,126006,126008,133.7,148.7,SL,-15.0,7.75,8.9,1.15,
808,Strategy C,2026-04-29,PE,24000,09:30,13:39,126015,126264,132.95,80.8,SIGNAL,52.15,7.75,6.05,-1.7,
809,Strategy C,2026-04-29,CE,24250,13:42,15:29,126267,126374,221.1,147.85,EOD,73.25,5.75,4.2,-1.55,
810,Strategy C,2026-04-30,CE,24050,09:21,12:12,126381,126552,126.1,109.9,SIGNAL,16.2,4.8,4.4,-0.4,
811,Strategy C,2026-04-30,PE,23850,12:12,15:29,126552,126749,170.7,90.9,EOD,79.8,7.8,4.8,-3.0,
812,Strategy C,2026-05-04,PE,23900,09:36,10:13,126771,126808,113.95,128.95,SL,-15.0,1.4,1.35,-0.05,
813,Strategy C,2026-05-04,CE,24200,12:15,12:20,126930,126935,95.7,110.7,SL,-15.0,1.85,2.0,0.15,
814,Strategy C,2026-05-04,CE,24200,12:45,14:19,126960,127054,88.4,103.4,SL,-15.0,2.05,1.65,-0.4,
815,Strategy C,2026-05-05,CE,24300,10:12,12:51,127182,127341,112.0,103.65,SIGNAL,8.35,4.25,3.7,-0.55,
816,Strategy C,2026-05-05,PE,23800,12:51,15:29,127341,127499,135.55,96.0,EOD,39.55,8.45,5.85,-2.6,
817,Strategy C,2026-05-06,CE,24350,11:39,11:55,127644,127660,95.8,110.8,SL,-15.0,2.75,2.85,0.1,
818,Strategy C,2026-05-06,CE,24350,12:24,13:16,127689,127741,91.4,101.7,SL,-10.3,2.95,3.1,0.15,
819,Strategy C,2026-05-06,PE,24100,13:30,15:29,127755,127874,183.1,70.15,EOD,112.95,9.3,4.3,-5.0,
820,Strategy C,2026-05-07,CE,24450,11:27,11:32,128007,128012,120.15,135.15,SL,-15.0,2.95,2.9,-0.05,
821,Strategy C,2026-05-07,PE,24300,12:39,12:56,128079,128096,119.9,134.9,SL,-15.0,5.5,5.5,0.0,
822,Strategy C,2026-05-08,CE,24300,12:45,13:29,128460,128504,104.25,119.25,SL,-15.0,3.15,3.4,0.25,
823,Strategy C,2026-05-08,PE,24150,14:36,15:29,128571,128624,117.45,112.75,EOD,4.7,2.65,1.6,-1.05,
824,Strategy C,2026-05-11,CE,24200,09:45,11:41,128655,128771,144.4,159.4,SL,-15.0,1.5,1.4,-0.1,
825,Strategy C,2026-05-11,PE,23950,11:21,12:38,128751,128828,110.0,125.0,SL,-15.0,1.65,1.65,0.0,
826,Strategy C,2026-05-11,CE,24200,14:39,15:29,128949,128999,141.0,112.1,EOD,28.9,1.15,1.3,0.15,
827,Strategy C,2026-05-12,CE,24000,09:24,15:29,129009,129374,121.1,61.05,EOD,60.05,7.5,5.0,-2.5,
828,Strategy C,2026-05-13,CE,23700,09:33,09:55,129393,129415,111.8,126.8,SL,-15.0,7.05,7.15,0.1,
829,Strategy C,2026-05-13,PE,23200,10:27,10:56,129447,129476,121.2,136.2,SL,-15.0,16.15,17.1,0.95,
830,Strategy C,2026-05-13,PE,23200,11:42,12:40,129522,129580,112.9,127.9,SL,-15.0,14.3,15.3,1.0,
831,Strategy C,2026-05-13,PE,23200,13:00,13:08,129600,129608,86.15,101.15,SL,-15.0,11.35,12.85,1.5,
832,Strategy C,2026-05-14,PE,23400,09:30,09:36,129765,129771,114.2,129.2,SL,-15.0,7.6,8.45,0.85,
833,Strategy C,2026-05-14,CE,23700,10:48,11:21,129843,129876,98.3,113.3,SL,-15.0,3.95,4.35,0.4,
834,Strategy C,2026-05-14,CE,23700,15:03,15:29,130098,130124,178.0,193.0,SL,-15.0,3.65,3.55,-0.1,
835,Strategy C,2026-05-14,PE,23400,11:30,15:29,129885,130124,111.6,62.0,EOD,49.6,7.1,4.0,-3.1,
836,Strategy C,2026-05-15,PE,23650,09:27,11:17,130137,130247,126.95,141.95,SL,-15.0,5.9,6.35,0.45,
837,Strategy C,2026-05-15,CE,23800,11:12,12:48,130242,130338,137.2,152.2,SL,-15.0,3.05,2.9,-0.15,
838,Strategy C,2026-05-15,PE,23650,13:00,13:37,130350,130387,101.75,116.75,SL,-15.0,5.25,5.55,0.3,
839,Strategy C,2026-05-15,CE,23800,13:51,15:29,130401,130499,107.9,93.15,EOD,14.75,2.8,2.3,-0.5,
840,Strategy C,2026-05-18,CE,23400,09:27,10:55,130512,130600,134.2,149.2,SL,-15.0,2.05,1.95,-0.1,
841,Strategy C,2026-05-18,PE,23400,11:21,15:29,130626,130874,95.95,30.7,EOD,65.25,2.4,1.95,-0.45,
842,Strategy C,2026-05-19,PE,23400,09:21,09:35,130881,130895,128.6,143.6,SL,-15.0,15.7,15.6,-0.1,
843,Strategy C,2026-05-19,PE,23400,10:12,11:16,130932,130996,112.3,127.3,SL,-15.0,10.8,11.3,0.5,
844,Strategy C,2026-05-19,CE,23900,13:39,15:29,131139,131249,127.6,93.8,EOD,33.8,3.9,3.15,-0.75,
845,Strategy C,2026-05-20,PE,23200,11:03,15:29,131358,131624,91.65,52.75,EOD,38.9,7.0,5.1,-1.9,
846,Strategy C,2026-05-21,CE,23900,11:00,15:29,131730,131999,93.25,69.5,EOD,23.75,2.4,2.7,0.3,
847,Strategy C,2026-05-22,PE,23650,09:24,14:21,132009,132306,117.35,95.0,SIGNAL,22.35,3.95,3.35,-0.6,
848,Strategy C,2026-05-22,CE,23750,14:06,15:29,132291,132374,150.4,153.7,EOD,-3.3,2.7,3.05,0.35,
849,Strategy C,2026-05-25,PE,23800,09:27,09:48,132387,132408,137.8,152.8,SL,-15.0,1.8,1.5,-0.3,
850,Strategy C,2026-05-25,PE,23800,10:06,12:51,132426,132591,145.0,146.5,SIGNAL,-1.5,1.45,1.45,0.0,
851,Strategy C,2026-05-25,CE,24200,12:30,13:03,132570,132603,111.65,119.25,SL,-7.6,0.95,0.95,0.0,
852,Strategy C,2026-05-25,PE,23800,13:24,15:29,132624,132749,129.35,90.0,EOD,39.35,1.5,2.25,0.75,
853,Strategy C,2026-05-26,CE,24100,12:51,15:29,132966,133124,136.9,117.6,EOD,19.3,3.5,3.85,0.35,
854,Strategy C,2026-05-27,PE,23850,09:24,09:29,133134,133139,120.6,135.6,SL,-15.0,3.45,3.45,0.0,
855,Strategy C,2026-05-27,CE,24050,10:00,10:04,133170,133174,95.4,110.4,SL,-15.0,2.25,2.3,0.05,
856,Strategy C,2026-05-27,PE,23850,10:09,12:03,133179,133293,108.65,112.35,SIGNAL,-3.7,3.0,2.7,-0.3,
857,Strategy C,2026-05-27,CE,24050,12:03,15:18,133293,133488,105.65,110.25,SIGNAL,-4.6,2.1,2.3,0.2,
858,Strategy C,2026-05-29,PE,23800,09:21,09:27,133506,133512,141.5,156.5,SL,-15.0,1.9,1.9,0.0,
859,Strategy C,2026-05-29,CE,24000,10:54,11:54,133599,133659,105.0,120.0,SL,-15.0,2.1,2.2,0.1,
860,Strategy C,2026-05-29,CE,24000,12:15,15:29,133680,133874,89.15,47.25,EOD,41.9,2.2,2.7,0.5,
861,Strategy C,2026-06-01,CE,23900,09:21,15:29,133881,134249,130.5,64.65,EOD,65.85,1.15,1.2,0.05,
862,Strategy C,2026-06-02,PE,23200,10:27,10:51,134322,134346,103.15,118.15,SL,-15.0,5.65,6.15,0.5,
863,Strategy C,2026-06-02,PE,23200,12:45,14:45,134460,134580,94.85,70.3,SIGNAL,24.55,5.0,4.9,-0.1,
864,Strategy C,2026-06-02,CE,23400,14:48,14:50,134583,134585,254.4,269.4,SL,-15.0,7.4,7.5,0.1,
865,Strategy C,2026-06-03,CE,23500,09:42,12:30,134652,134820,119.8,109.9,SIGNAL,9.9,5.0,5.15,0.15,
866,Strategy C,2026-06-03,PE,23250,12:33,15:29,134823,134999,152.95,97.9,EOD,55.05,7.95,5.4,-2.55,
867,Strategy C,2026-06-04,PE,23250,11:39,12:35,135144,135200,82.25,97.25,SL,-15.0,4.55,4.85,0.3,
868,Strategy C,2026-06-04,PE,23250,14:33,15:29,135318,135374,72.05,58.95,EOD,13.1,3.15,2.65,-0.5,
869,Strategy C,2026-06-05,CE,23550,10:39,11:03,135459,135483,95.65,110.65,SL,-15.0,3.05,3.3,0.25,
870,Strategy C,2026-06-05,CE,23550,12:51,14:44,135591,135704,86.45,101.45,SL,-15.0,3.2,2.95,-0.25,
871,Strategy C,2026-06-05,PE,23450,14:45,14:49,135705,135709,134.9,149.9,SL,-15.0,2.1,2.15,0.05,
872,Strategy C,2026-06-08,CE,23100,13:45,15:29,136020,136124,157.9,100.0,EOD,57.9,2.15,1.5,-0.65,
873,Strategy C,2026-06-09,PE,23100,09:21,10:22,136131,136192,143.0,158.0,SL,-15.0,7.7,7.1,-0.6,
874,Strategy C,2026-06-09,CE,23400,10:33,12:30,136203,136320,112.1,120.9,SIGNAL,-8.8,3.9,4.25,0.35,
875,Strategy C,2026-06-09,PE,23100,12:30,15:29,136320,136499,137.85,94.0,EOD,43.85,5.95,4.75,-1.2,
876,Strategy C,2026-06-10,CE,23450,12:45,12:52,136710,136717,129.75,144.75,SL,-15.0,3.4,3.55,0.15,
877,Strategy C,2026-06-10,PE,23200,09:30,14:12,136515,136797,122.8,113.95,SIGNAL,8.85,5.7,5.2,-0.5,
878,Strategy C,2026-06-10,CE,23450,14:12,15:29,136797,136874,124.1,78.65,EOD,45.45,3.35,2.85,-0.5,
879,Strategy C,2026-06-11,PE,23050,11:30,13:27,137010,137127,82.9,82.6,SIGNAL,0.3,3.5,3.2,-0.3,
880,Strategy C,2026-06-11,CE,23150,13:27,13:30,137127,137130,204.9,219.9,SL,-15.0,3.25,3.1,-0.15,
881,Strategy C,2026-06-11,CE,23150,14:42,15:29,137202,137249,186.55,178.8,EOD,7.75,2.85,2.3,-0.55,
882,Strategy C,2026-06-12,CE,23450,12:39,13:27,137454,137502,82.15,94.05,SL,-11.9,1.8,1.85,0.05,
883,Strategy C,2026-06-12,PE,23450,13:30,15:29,137505,137624,148.2,55.05,EOD,93.15,2.9,4.25,1.35,
884,Strategy C,2026-06-15,PE,23800,10:42,12:15,137712,137805,132.05,144.0,SL,-11.95,2.5,2.15,-0.35,
885,Strategy C,2026-06-15,CE,24100,13:54,13:58,137904,137908,117.5,128.7,SL,-11.2,1.35,1.2,-0.15,
886,Strategy C,2026-06-15,CE,24100,15:12,15:29,137982,137999,105.45,112.95,EOD,-7.5,1.3,0.9,-0.4,
887,Strategy C,2026-06-16,PE,23900,09:24,15:29,138009,138374,162.35,119.7,EOD,42.65,7.5,5.8,-1.7,
888,Strategy C,2026-06-17,PE,23950,09:45,12:27,138405,138567,121.0,125.7,SIGNAL,-4.7,5.6,5.35,-0.25,
889,Strategy C,2026-06-17,CE,24050,12:27,14:59,138567,138719,149.0,164.0,SL,-15.0,4.25,3.8,-0.45,
890,Strategy C,2026-06-17,PE,23950,15:00,15:29,138720,138749,99.15,94.3,EOD,4.85,4.35,3.95,-0.4,
891,Strategy C,2026-06-18,CE,24200,10:42,12:28,138837,138943,143.15,157.05,SL,-13.9,2.45,2.1,-0.35,
892,Strategy C,2026-06-18,CE,24200,14:18,15:00,139053,139095,149.0,159.8,SL,-10.8,2.0,1.8,-0.2,
893,Strategy C,2026-06-18,PE,24050,12:21,15:29,138936,139124,109.95,60.3,EOD,49.65,2.8,2.35,-0.45,
894,Strategy C,2026-06-19,PE,23900,14:00,14:55,139410,139465,143.55,158.55,SL,-15.0,1.95,1.75,-0.2,
895,Strategy C,2026-06-19,CE,24100,14:57,15:00,139467,139470,132.5,147.5,SL,-15.0,1.7,1.45,-0.25,
896,Strategy C,2026-06-19,PE,23900,15:21,15:29,139491,139499,107.2,105.1,EOD,2.1,1.4,1.3,-0.1,
897,Strategy C,2026-06-22,PE,24100,09:57,13:12,139542,139737,145.2,143.85,SIGNAL,1.35,1.3,1.3,0.0,
898,Strategy C,2026-06-22,CE,24200,12:15,15:29,139680,139874,136.65,117.05,EOD,19.6,0.95,0.7,-0.25,
899,Strategy C,2026-06-23,PE,24100,09:48,11:45,139908,140025,125.95,140.95,SL,-15.0,4.0,4.4,0.4,
900,Strategy C,2026-06-23,CE,24100,11:48,15:29,140028,140249,128.1,61.1,EOD,67.0,3.05,3.2,0.15,
901,Strategy C,2026-06-24,CE,23900,09:51,10:00,140286,140295,118.7,133.7,SL,-15.0,3.8,3.8,0.0,
902,Strategy C,2026-06-24,PE,23850,10:48,15:29,140343,140624,103.0,59.55,EOD,43.45,5.0,5.75,0.75,
903,Strategy C,2026-06-25,PE,24000,09:27,12:33,140637,140823,130.0,109.7,SIGNAL,20.3,4.4,4.15,-0.25,
904,Strategy C,2026-06-25,CE,24100,13:15,13:19,140865,140869,157.6,172.6,SL,-15.0,1.95,1.85,-0.1,
905,Strategy C,2026-06-25,CE,24100,14:15,15:29,140925,140999,128.5,102.45,EOD,26.05,2.2,1.45,-0.75,
906,Strategy C,2026-06-29,CE,24200,09:33,10:25,141018,141070,131.05,146.05,SL,-15.0,1.0,0.8,-0.2,
907,Strategy C,2026-06-29,CE,24200,11:57,15:29,141162,141374,110.0,96.25,EOD,13.75,0.95,0.95,0.0,
908,Strategy C,2026-06-30,CE,24000,09:33,11:12,141393,141492,146.4,161.4,SL,-15.0,5.85,5.7,-0.15,
909,Strategy C,2026-06-30,PE,23900,11:27,11:31,141507,141511,112.65,127.65,SL,-15.0,4.05,4.35,0.3,
910,Strategy C,2026-06-30,CE,24000,15:06,15:15,141726,141735,129.1,144.1,SL,-15.0,3.7,3.75,0.05,
911,Strategy C,2026-07-01,PE,23850,10:18,10:43,141813,141838,89.95,104.35,SL,-14.4,4.3,4.1,-0.2,
912,Strategy C,2026-07-01,CE,24000,15:09,15:29,142104,142124,159.9,152.85,EOD,7.05,2.6,2.2,-0.4,
913,Strategy C,2026-07-01,PE,23850,12:00,15:29,141915,142124,80.05,73.2,EOD,6.85,4.05,2.85,-1.2,
914,Strategy C,2026-07-02,PE,24100,09:21,10:14,142131,142184,115.6,130.6,SL,-15.0,4.5,3.75,-0.75,
915,Strategy C,2026-07-02,CE,24100,10:15,10:28,142185,142198,118.2,133.2,SL,-15.0,1.8,1.75,-0.05,
916,Strategy C,2026-07-02,CE,24100,11:36,12:02,142266,142292,115.4,129.7,SL,-14.3,1.7,1.65,-0.05,
917,Strategy C,2026-07-02,PE,24100,12:15,15:29,142305,142499,105.3,71.95,EOD,33.35,3.15,2.2,-0.95,
918,Strategy C,2026-07-03,CE,24400,13:09,15:29,142734,142874,147.6,126.95,EOD,20.65,1.1,0.85,-0.25,
919,Strategy C,2026-07-06,PE,24300,09:24,14:45,142884,143205,128.95,103.65,SIGNAL,25.3,1.25,1.35,0.1,
920,Strategy C,2026-07-06,CE,24400,14:00,15:29,143160,143249,174.45,168.55,EOD,5.9,0.8,0.45,-0.35,
921,Strategy C,2026-07-06,PE,24300,15:09,15:29,143229,143249,86.95,92.65,EOD,-5.7,1.2,1.25,0.05,
922,Strategy C,2026-07-07,PE,24500,10:00,12:33,143295,143448,153.8,150.45,SIGNAL,3.35,5.65,5.15,-0.5,
923,Strategy C,2026-07-07,CE,24500,12:33,15:29,143448,143624,122.25,76.4,EOD,45.85,1.65,1.9,0.25,
924,Strategy C,2026-07-08,CE,24300,12:12,15:29,143802,143999,98.9,43.2,EOD,55.7,2.3,2.3,0.0,
925,Strategy C,2026-07-09,PE,23950,09:21,15:03,144006,144348,127.05,121.45,SIGNAL,5.6,6.9,4.7,-2.2,
926,Strategy C,2026-07-09,CE,24050,14:45,15:29,144330,144374,120.9,98.1,EOD,22.8,2.15,1.75,-0.4,
927,Strategy C,2026-07-10,CE,24150,11:30,12:28,144510,144568,120.85,135.3,SL,-14.45,1.25,1.4,0.15,
928,Strategy C,2026-07-10,PE,24100,09:36,15:29,144396,144749,152.4,128.5,EOD,23.9,3.4,2.7,-0.7,
929,Strategy C,2026-07-13,PE,23900,12:15,15:29,144930,145124,96.3,80.95,EOD,15.35,2.1,1.6,-0.5,
930,Strategy C,2026-07-14,PE,24000,11:15,11:43,145245,145273,126.35,141.35,SL,-15.0,6.85,6.85,0.0,
931,Strategy C,2026-07-14,CE,24200,12:18,15:29,145308,145499,108.05,92.05,EOD,16.0,3.05,2.45,-0.6,
932,Strategy C,2026-07-15,PE,24050,09:21,12:39,145506,145704,118.5,114.6,SIGNAL,3.9,5.25,4.75,-0.5,
933,Strategy C,2026-07-15,CE,24150,12:36,15:29,145701,145874,153.15,111.4,EOD,41.75,2.65,2.2,-0.45,
934,Strategy C,2026-07-16,PE,24150,09:21,09:28,145881,145888,128.7,143.7,SL,-15.0,3.7,4.15,0.45,
935,Strategy C,2026-07-16,PE,24150,10:48,13:00,145968,146100,127.65,142.65,SL,-15.0,4.3,4.35,0.05,
936,Strategy C,2026-07-16,CE,24150,13:00,15:29,146100,146249,113.8,99.2,EOD,14.6,1.7,1.3,-0.4,
937,Strategy C,2026-07-17,PE,24150,09:21,13:48,146256,146523,119.45,105.9,SIGNAL,13.55,3.2,3.45,0.25,
938,Strategy C,2026-07-17,CE,24300,13:42,14:14,146517,146549,174.6,187.5,SL,-12.9,0.85,0.75,-0.1,
939,Strategy C,2026-07-17,PE,24150,14:18,14:22,146553,146557,67.2,82.2,SL,-15.0,3.2,3.2,0.0,
940,Strategy C,2026-07-17,PE,24150,15:03,15:29,146598,146624,69.8,60.6,EOD,9.2,2.95,3.55,0.6,
941,Strategy C,2026-07-20,CE,24300,09:21,13:15,146631,146865,145.5,145.75,SIGNAL,-0.25,0.85,0.8,-0.05,
942,Strategy C,2026-07-20,PE,24100,13:27,15:29,146877,146999,128.05,111.05,EOD,17.0,1.25,1.15,-0.1,
943,Strategy C,2026-07-21,CE,24300,09:36,15:29,147021,147374,125.55,105.4,EOD,20.15,2.85,2.35,-0.5,
944,Strategy C,2026-07-22,CE,24100,09:27,15:29,147387,147749,138.0,104.45,EOD,33.55,3.15,3.45,0.3,
945,Strategy C,2026-07-23,PE,23900,10:09,11:30,147804,147885,101.65,111.5,SIGNAL,-9.85,3.9,3.9,0.0,
946,Strategy C,2026-07-23,CE,23900,12:33,14:36,147948,148071,120.85,121.15,SIGNAL,-0.3,3.35,2.85,-0.5,
947,Strategy C,2026-07-24,CE,23700,10:03,11:23,148173,148253,109.15,124.15,SL,-15.0,3.2,2.8,-0.4,
948,Strategy C,2026-07-24,PE,23500,11:24,15:29,148254,148499,142.9,95.55,EOD,47.35,2.85,2.0,-0.85,
949,Strategy C,2026-07-27,PE,23800,09:27,10:38,148512,148583,116.3,131.3,SL,-15.0,1.3,1.1,-0.2,
950,Strategy C,2026-07-27,PE,23800,11:27,13:36,148632,148761,102.55,109.2,SIGNAL,-6.65,1.25,1.15,-0.1,
951,Strategy C,2026-07-27,PE,23800,14:15,15:29,148800,148874,87.25,65.45,EOD,21.8,1.35,1.8,0.45,
952,Strategy C,2026-07-28,PE,24000,09:21,09:26,148881,148886,126.3,141.3,SL,-15.0,6.2,6.7,0.5,
953,Strategy C,2026-07-28,CE,24100,09:33,11:48,148893,149028,115.75,130.75,SL,-15.0,1.7,1.55,-0.15,
954,Strategy C,2026-07-28,CE,24100,13:15,15:20,149115,149240,109.5,120.85,SL,-11.35,1.65,1.55,-0.1,
955,Strategy C,2026-07-29,PE,24200,10:09,15:29,149304,149624,124.4,114.2,EOD,10.2,4.75,4.85,0.1,
956,Strategy C,2026-07-30,PE,24250,09:27,10:14,149637,149684,115.6,130.6,SL,-15.0,4.45,3.75,-0.7,
957,Strategy C,2026-07-30,PE,24250,12:36,13:00,149826,149850,84.95,99.95,SL,-15.0,3.95,3.55,-0.4,
958,Strategy C,2026-07-30,CE,24300,14:27,14:39,149937,149949,161.9,174.25,SL,-12.35,0.9,0.9,0.0,
959,Strategy C,2026-07-31,CE,24400,14:45,15:29,150330,150374,165.2,162.2,EOD,3.0,0.85,0.65,-0.2,
960,Strategy C,2026-07-31,PE,24300,11:21,15:29,150126,150374,132.8,127.2,EOD,5.6,2.7,2.75,0.05,
961,Strategy C,2026-08-03,PE,24500,09:33,12:48,150393,150588,117.3,110.2,SIGNAL,7.1,1.85,1.65,-0.2,
962,Strategy C,2026-08-03,CE,24600,15:06,15:29,150726,150749,135.55,142.3,EOD,-6.75,0.6,0.5,-0.1,
963,Strategy C,2026-08-04,PE,24600,09:48,10:35,150783,150830,121.95,136.95,SL,-15.0,6.0,5.45,-0.55,
964,Strategy C,2026-08-04,CE,24600,11:48,15:29,150903,151124,125.8,108.55,EOD,17.25,2.29,2.8,0.51,
965,Strategy C,2026-08-04,PE,24600,15:27,15:29,151122,151124,192.4,184.7,EOD,7.7,6.75,6.15,-0.6,
966,Strategy C,2026-08-05,CE,24650,11:57,15:15,151287,151485,121.5,126.45,SIGNAL,-4.95,2.3,2.3,0.0,
967,Strategy C,2026-08-05,PE,24600,15:09,15:29,151479,151499,192.75,175.8,EOD,16.95,3.95,3.1,-0.85,
968,Strategy C,2026-08-06,PE,24600,09:51,10:01,151536,151546,144.0,159.0,SL,-15.0,3.5,3.4,-0.1,
969,Strategy C,2026-08-06,PE,24600,14:27,15:29,151812,151874,141.5,140.05,EOD,1.45,2.6,2.0,-0.6,
970,Strategy C,2026-08-07,CE,24600,13:15,13:26,152115,152126,106.95,116.7,SL,-9.75,1.5,1.55,0.05,
971,Strategy C,2026-08-07,PE,24500,15:06,15:29,152226,152249,134.4,126.6,EOD,7.8,1.5,1.4,-0.1,
972,Strategy C,2026-08-10,CE,24700,09:36,10:23,152271,152318,123.75,138.75,SL,-15.0,0.85,0.75,-0.1,
973,Strategy C,2026-08-10,CE,24700,14:36,15:29,152571,152624,129.15,131.75,EOD,-2.6,0.65,0.55,-0.1,
974,Strategy C,2026-08-10,PE,24500,10:24,15:29,152319,152624,117.95,103.6,EOD,14.35,1.1,0.6,-0.5,
975,Strategy C,2026-08-11,PE,24500,13:27,14:06,152877,152916,139.15,150.6,SL,-11.45,3.65,3.7,0.05,
976,Strategy C,2026-08-11,CE,24600,09:21,15:29,152631,152999,126.6,97.7,EOD,28.9,2.1,1.35,-0.75,
977,Strategy C,2026-08-11,PE,24500,15:03,15:29,152973,152999,132.0,134.8,EOD,-2.8,3.45,3.55,0.1,
978,Strategy C,2026-08-12,PE,24300,13:36,13:45,153261,153270,155.8,165.6,SL,-9.8,2.75,2.9,0.15,
979,Strategy C,2026-08-12,CE,24450,09:48,14:33,153033,153318,134.6,101.25,SIGNAL,33.35,1.95,1.6,-0.35,
980,Strategy C,2026-08-12,PE,24300,14:27,15:29,153312,153374,156.1,119.4,EOD,36.7,2.75,2.3,-0.45,
981,Strategy C,2026-08-13,CE,24350,09:27,11:54,153387,153534,133.15,139.95,SIGNAL,-6.8,1.5,1.5,0.0,
982,Strategy C,2026-08-13,PE,24300,11:39,15:29,153519,153749,123.1,105.0,EOD,18.1,1.85,1.35,-0.5,
983,Strategy C,2026-08-14,CE,24300,09:21,10:02,153756,153797,126.2,141.2,SL,-15.0,1.25,1.25,0.0,
984,Strategy C,2026-08-14,CE,24300,10:33,12:19,153828,153934,116.5,131.5,SL,-15.0,1.3,1.15,-0.15,
985,Strategy C,2026-08-14,PE,24300,12:57,13:34,153972,154009,115.35,121.8,SL,-6.45,1.55,1.55,0.0,
986,Strategy C,2026-08-14,PE,24300,13:48,15:29,154023,154124,99.75,97.85,EOD,1.9,1.6,1.55,-0.05,
987,Strategy C,2026-08-17,CE,24300,09:30,12:03,154140,154293,173.45,159.3,SIGNAL,14.15,0.95,1.0,0.05,
988,Strategy C,2026-08-17,PE,24300,12:00,15:29,154290,154499,133.6,104.0,EOD,29.6,1.0,0.7,-0.3,
989,Strategy C,2026-08-18,CE,24200,09:33,15:29,154518,154874,167.8,146.15,EOD,21.65,2.65,2.8,0.15,
990,Strategy C,2026-08-19,CE,24150,09:30,14:36,154890,155196,120.05,120.95,SIGNAL,-0.9,2.45,2.1,-0.35,
991,Strategy C,2026-08-19,PE,24100,14:36,14:38,155196,155198,136.2,151.2,SL,-15.0,2.55,2.65,0.1,
992,Strategy C,2026-08-20,PE,24200,09:45,15:06,155280,155601,121.7,106.7,SIGNAL,15.0,2.7,2.0,-0.7,
993,Strategy C,2026-08-20,CE,24200,15:12,15:29,155607,155624,150.1,149.5,EOD,0.6,0.95,0.85,-0.1,
994,Strategy C,2026-08-21,CE,24300,09:27,10:30,155637,155700,147.9,161.4,SL,-13.5,0.95,0.9,-0.05,
995,Strategy C,2026-08-24,PE,24300,09:21,10:00,156006,156045,104.9,117.55,SL,-12.65,1.3,1.1,-0.2,
996,Strategy C,2026-08-24,CE,24300,11:06,14:36,156111,156321,126.7,111.2,SIGNAL,15.5,0.8,0.5,-0.3,
997,Strategy C,2026-08-25,PE,24200,11:57,12:58,156537,156598,94.35,109.35,SL,-15.0,3.25,3.3,0.05,
998,Strategy C,2026-08-25,CE,24200,13:15,13:53,156615,156653,126.25,139.55,SL,-13.3,2.05,2.05,0.0,
999,Strategy C,2026-08-25,PE,24200,14:21,15:29,156681,156749,97.45,48.7,EOD,48.75,3.25,3.6,0.35,
1000,Strategy C,2026-08-26,CE,24350,10:24,10:33,156819,156828,121.25,136.25,SL,-15.0,1.7,1.55,-0.15,
1001,Strategy C,2026-08-26,CE,24350,12:00,14:48,156915,157083,117.65,120.25,SIGNAL,-2.6,1.55,1.4,-0.15,
1002,Strategy C,2026-08-26,PE,24300,14:33,15:29,157068,157124,121.35,128.75,EOD,-7.4,2.1,2.2,0.1,
1003,Strategy C,2026-08-27,CE,24300,09:30,12:39,157140,157329,154.7,143.3,SIGNAL,11.4,1.6,2.05,0.45,
1004,Strategy C,2026-08-27,PE,24200,12:42,13:48,157332,157398,123.05,136.35,SL,-13.3,1.7,1.7,0.0,
1005,Strategy C,2026-08-27,CE,24300,14:00,14:29,157410,157439,127.95,138.3,SL,-10.35,1.75,1.5,-0.25,
1006,Strategy C,2026-08-27,CE,24300,15:27,15:29,157497,157499,120.9,118.95,EOD,1.95,1.5,1.35,-0.15,
1007,Strategy C,2026-08-28,CE,24200,11:30,14:51,157635,157836,172.35,175.95,SIGNAL,-3.6,1.35,1.0,-0.35,
1008,Strategy C,2026-08-28,PE,24100,15:12,15:29,157857,157874,89.0,81.25,EOD,7.75,1.45,1.3,-0.15,
1009,Strategy C,2026-08-31,CE,24100,09:27,11:54,157887,158034,152.05,162.65,SIGNAL,-10.6,1.0,0.9,-0.1,
1010,Strategy C,2026-08-31,PE,24100,11:51,14:06,158031,158166,135.3,132.85,SIGNAL,2.45,1.2,1.1,-0.1,
1011,Strategy C,2026-09-01,CE,24100,09:45,10:56,158280,158351,124.15,139.15,SL,-15.0,2.45,2.05,-0.4,
1012,Strategy C,2026-09-01,PE,24000,11:09,13:03,158364,158478,72.8,71.1,SIGNAL,1.7,3.6,3.45,-0.15,
1013,Strategy C,2026-09-01,CE,24100,13:03,15:29,158478,158624,146.0,94.35,EOD,51.65,1.9,2.35,0.45,
1014,Strategy C,2026-09-02,PE,23800,10:30,10:53,158700,158723,126.9,141.9,SL,-15.0,3.9,4.2,0.3,
1015,Strategy C,2026-09-02,PE,23800,12:33,15:29,158823,158999,130.0,121.05,EOD,8.95,3.65,3.2,-0.45,
1016,Strategy C,2026-09-03,PE,24000,09:42,10:32,159027,159077,126.85,141.85,SL,-15.0,3.6,3.3,-0.3,
1017,Strategy C,2026-09-03,CE,23950,10:42,15:29,159087,159374,137.7,89.0,EOD,48.7,1.65,1.7,0.05,
1018,Strategy C,2026-09-04,PE,23900,09:57,12:18,159417,159558,111.85,109.8,SIGNAL,2.05,2.05,1.85,-0.2,
1019,Strategy C,2026-09-04,PE,23900,14:30,14:38,159690,159698,100.25,106.7,SL,-6.45,1.75,1.75,0.0,
1020,Strategy C,2026-09-04,CE,23900,12:18,15:29,159558,159749,147.3,116.4,EOD,30.9,1.25,1.1,-0.15,
1021,Strategy C,2026-09-07,CE,23900,10:12,13:54,159807,160029,130.19,124.45,SIGNAL,5.74,1.05,0.95,-0.1,
1022,Strategy C,2026-09-07,PE,23800,14:03,14:39,160038,160074,109.95,122.55,SL,-12.6,0.9,1.0,0.1,
1023,Strategy C,2026-09-07,CE,23900,15:18,15:29,160113,160124,107.65,101.7,EOD,5.95,1.05,1.0,-0.05,
1024,Strategy C,2026-09-08,CE,23700,09:30,10:15,160140,160185,149.25,164.25,SL,-15.0,3.3,3.2,-0.1,
1025,Strategy C,2026-09-08,CE,23700,11:51,15:29,160281,160499,137.75,117.05,EOD,20.7,3.35,2.8,-0.55,
1026,Strategy C,2026-09-09,CE,23550,10:00,10:20,160545,160565,125.7,140.7,SL,-15.0,3.0,2.65,-0.35,
1027,Strategy C,2026-09-09,PE,23500,10:24,11:55,160569,160660,134.9,149.9,SL,-15.0,4.35,4.55,0.2,
1028,Strategy C,2026-09-09,CE,23550,12:00,12:32,160665,160697,119.7,134.7,SL,-15.0,2.9,2.75,-0.15,
1029,Strategy C,2026-09-09,PE,23500,12:36,14:34,160701,160819,126.8,141.8,SL,-15.0,4.1,4.05,-0.05,
1030,Strategy C,2026-09-10,CE,23450,10:03,10:40,160923,160960,118.4,133.4,SL,-15.0,2.75,2.7,-0.05,
1031,Strategy C,2026-09-10,CE,23450,14:03,15:29,161163,161249,110.3,105.25,EOD,5.05,2.25,2.25,0.0,
1032,Strategy C,2026-09-11,PE,23200,11:18,13:41,161373,161516,109.75,124.65,SL,-14.9,3.6,2.85,-0.75,
1033,Strategy C,2026-09-11,PE,23200,14:00,15:29,161535,161624,103.2,93.05,EOD,10.15,3.2,1.95,-1.25,
1034,Strategy C,2026-09-15,CE,23500,09:39,15:29,161649,161999,136.25,55.45,EOD,80.8,3.85,2.65,-1.2,
1035,Strategy C,2026-09-16,PE,23250,13:09,13:27,162234,162252,133.6,148.6,SL,-15.0,8.4,9.3,0.9,
1036,Strategy C,2026-09-17,CE,23250,09:27,09:31,162387,162391,135.85,150.85,SL,-15.0,2.3,2.4,0.1,
1037,Strategy C,2026-09-17,PE,23250,09:21,11:06,162381,162486,122.8,131.45,SIGNAL,-8.65,6.1,4.95,-1.15,
1038,Strategy C,2026-09-17,CE,23250,11:06,11:41,162486,162521,123.15,138.15,SL,-15.0,1.7,1.75,0.05,
1039,Strategy C,2026-09-17,PE,23250,12:00,13:27,162540,162627,91.55,96.25,SIGNAL,-4.7,4.45,4.45,0.0,
1040,Strategy C,2026-09-18,CE,23400,11:06,11:57,162861,162912,137.95,149.25,SL,-11.3,1.15,1.2,0.05,
1041,Strategy C,2026-09-18,PE,23300,13:00,13:45,162975,163020,141.85,151.85,SL,-10.0,2.45,2.05,-0.4,
1042,Strategy C,2026-09-18,PE,23300,14:30,15:29,163065,163124,125.5,127.5,EOD,-2.0,2.45,2.1,-0.35,
1043,Strategy C,2026-09-21,PE,23400,09:30,15:29,163140,163499,147.6,121.0,EOD,26.6,1.7,1.65,-0.05,
1044,Strategy C,2026-09-22,PE,23400,09:51,10:31,163536,163576,97.6,108.45,SL,-10.85,4.3,3.9,-0.4,
1045,Strategy C,2026-09-22,CE,23400,09:21,14:15,163506,163800,154.65,120.3,SIGNAL,34.35,3.45,2.8,-0.65,
1046,Strategy C,2026-09-22,PE,23400,14:18,14:42,163803,163827,124.1,139.1,SL,-15.0,4.5,4.35,-0.15,
1047,Strategy C,2026-09-23,CE,23400,13:36,14:07,164136,164167,132.85,147.85,SL,-15.0,1.7,1.65,-0.05,
1048,Strategy C,2026-09-23,CE,23400,15:00,15:29,164220,164249,130.4,135.45,EOD,-5.05,1.85,1.75,-0.1,
1049,Strategy C,2026-09-23,PE,23400,11:33,15:29,164013,164249,129.0,120.75,EOD,8.25,3.8,3.2,-0.6,
1050,Strategy C,2026-09-24,CE,23300,09:21,15:29,164256,164624,152.0,112.25,EOD,39.75,2.1,1.85,-0.25,
1051,Strategy C,2026-09-25,PE,23100,09:30,09:37,164640,164647,150.0,165.0,SL,-15.0,3.45,3.45,0.0,
1052,Strategy C,2026-09-25,CE,23100,09:45,10:08,164655,164678,111.05,126.05,SL,-15.0,1.75,1.7,-0.05,
1053,Strategy C,2026-09-25,CE,23100,10:48,11:02,164718,164732,106.0,121.0,SL,-15.0,1.55,1.6,0.05,
1054,Strategy C,2026-09-25,CE,23100,12:36,14:00,164826,164910,109.35,119.25,SL,-9.9,1.5,1.55,0.05,
1055,Strategy C,2026-09-28,CE,23100,09:27,15:29,165012,165374,118.55,75.75,EOD,42.8,1.3,1.3,0.0,
1056,Strategy C,2026-09-29,CE,22800,09:21,11:12,165381,165492,148.95,142.5,SIGNAL,6.45,6.6,6.55,-0.05,
1057,Strategy C,2026-09-29,PE,22700,11:15,12:30,165495,165570,145.0,160.0,SL,-15.0,12.2,13.0,0.8,
1058,Strategy C,2026-09-29,CE,22800,12:33,12:36,165573,165576,128.55,143.55,SL,-15.0,4.45,4.9,0.45,
1059,Strategy C,2026-09-29,CE,22800,13:39,13:50,165639,165650,129.75,144.75,SL,-15.0,4.3,4.3,0.0,
